{
	"$schema": "https://biomejs.dev/schemas/1.8.3/schema.json",
	"organizeImports": {
		"enabled": true
	},
	"linter": {
		"enabled": true,
		"rules": {
			"recommended": true,
			"suspicious": {
				"noExplicitAny": "off"
			}
		}
	},
	"formatter": {
		"enabled": true,
		"formatWithErrors": true,
		"indentStyle": "tab",
		"indentWidth": 2,
		"lineWidth": 150
	},
	"javascript": {
		"formatter": {
			"trailingCommas": "es5",
			"arrowParentheses": "always"
		}
	},
	"vcs": {
		"enabled": true,
		"clientKind": "git",
		"useIgnoreFile": true,
		"defaultBranch": "main"
	}
}
