{
	"n8Bz0c0v17whD3KfMdOk": "album-albumPage-sectionWrapper",
	"HPNSn7d7aZf4nfre61sk": "artist-artistAbout-about",
	"xaeunxBdlShScWay5mQR": "artist-artistAbout-artistGridContainer",
	"RHlPX8sl9gW1cmKdm1E9": "artist-artistAbout-artistOverviewContainer",
	"TPcD_1UTh6DS32DfZxhA": "artist-artistAbout-artistOverviewContent",
	"Ev5jVfYlqmjaZh6ziail": "artist-artistAbout-artistShelfSpacer",
	"N3mpQyWevHz7lrgLkOBM": "artist-artistAbout-artistSides",
	"TxASgfgEtA4JmUkhkNUN": "artist-artistAbout-artistSidesBlock",
	"PAlX44btlstKkPJfe2uU": "artist-artistAbout-avatar",
	"k4MNlyGrhsL0qgnENxqh": "artist-artistAbout-backgroundImage",
	"CjnwbSTpODW56Gerg7X6": "artist-artistAbout-bio",
	"Fzu8dfizHyYedxyDjaQ2": "artist-artistAbout-bioContainer",
	"Q_OUHp7iDNLBcO2ZYI2x": "artist-artistAbout-cityBlock",
	"MHIOvvlSYRmF7VAJDLWy": "artist-artistAbout-close",
	"ml8qANY77Ah3fx5VTjoe": "artist-artistAbout-columnContainer",
	"uhDzVbFHyCQDH6WrWZaC": "artist-artistAbout-container",
	"ejNsts52hRq0uZcc_NXi": "artist-artistAbout-content",
	"H3lKAypjVfPoxoQkkCJQ": "artist-artistAbout-events",
	"XbP5GUst__JF8uVtbozd": "artist-artistAbout-heading",
	"oMsgQk2LPTIE4yinSHOQ": "artist-artistAbout-image",
	"e2S7FcJ1QgVLlcUbl2Kn": "artist-artistAbout-merch",
	"Er5rIejLMh22M0OiF8wH": "artist-artistAbout-merchShelfContent",
	"iZ_BsoftrZBB78FRQ3Yq": "artist-artistAbout-merchSmall",
	"pSn5vOGhTHswAWTC_3tE": "artist-artistAbout-modal",
	"KUUFCMOavSKiLbBMXu0f": "artist-artistAbout-modalAfterOpen",
	"hIhnD0UMvYHG6TnluwnX": "artist-artistAbout-modalBase",
	"Xr7SnQlqJFl6FSMeiSsw": "artist-artistAbout-modalBeforeClose",
	"yzXX2lW3wGayC_cdup_m": "artist-artistAbout-overview",
	"fPw1FkQQDEJvxJwTalo5": "artist-artistAbout-popularTracks",
	"Apg1EshcUJs6y4ITDWwV": "artist-artistAbout-popularTracksBlock",
	"hdS8jsvbJhsJXHAZlWwz": "artist-artistAbout-postedBy",
	"mM_me6VjRfHLPkqAMqEI": "artist-artistAbout-postedByAvatar",
	"tQp8UOu8jGduQXUTcv0c": "artist-artistAbout-rank",
	"pHrwZOFBdT8FNXnmcPPI": "artist-artistAbout-scrollbars",
	"y72RJ2LhCkAyAfZ8tzUt": "artist-artistAbout-sideBlock",
	"upZIQtiBy1Tr0ZbvhnSL": "artist-artistAbout-stats",
	"ndIZG_atdpv_tBZtqQhk": "artist-artistAbout-statsContainer",
	"GB_nwkJosBf_NLdZAgAx": "artist-artistDiscography-active",
	"cFKW94askf6sbyOYlRqe": "artist-artistDiscography-artistName",
	"Ihlsi5QU3AnIfSgnhorS": "artist-artistDiscography-button",
	"h8z21OhjsxoY1IvpR1QP": "artist-artistDiscography-cardGrid",
	"Rz6JI4bCxJVeSWe6LtEX": "artist-artistDiscography-firstAlbum",
	"O61y0bIacmTFxhhbL1Bl": "artist-artistDiscography-headerButtons",
	"fEvxx8vl3zTNWsuC8lpx": "artist-artistDiscography-headerContainer",
	"n1EzbHQahSKztskTUAm3": "artist-artistDiscography-headerImage",
	"hyHkMMynp3uUsmEtOkSN": "artist-artistDiscography-headerMetadata",
	"kRb29P1Fo5blFMPRDSdq": "artist-artistDiscography-headerTitle",
	"P7nfAtcLXgPiUCJrlUjA": "artist-artistDiscography-topBar",
	"EvQHNTBhaU3rGCRRlAWj": "artist-artistDiscography-topBar",
	"QplCuuGSoV4updqTSLq9": "artist-artistDiscography-topBarScrolled",
	"oxpxKtAxG4E2DCK0AJo9": "artist-artistDiscography-tracklist",
	"QQasfrfLlxtbcdiJP40s": "artist-artistOffers-description",
	"F6RR_jytWUwdg_jiv0Ss": "artist-artistOffers-icon",
	"TXVCwyY2iLFPRMSav251": "artist-artistOffers-info",
	"RmO04klyCgpCtMspkDMH": "artist-artistOffers-item",
	"crweb403jWwGSZngXpHU": "artist-artistOffers-name",
	"nMgXBztFcmHCjT0dRQDx": "artist-artistOffers-pic",
	"N5_bW94EwvHFbWWoRucu": "artist-artistOnTour-condensed",
	"gyHBzoYLUrTsDmijyGQ7": "artist-artistOnTour-date",
	"J8F7vs26LDSof1E_qwmN": "artist-artistOnTour-dateDay",
	"VbaPExA4ISCqk6SuSe2H": "artist-artistOnTour-dateMonth",
	"P5l28MUwDXvStz4OF0IE": "artist-artistOnTour-elevated",
	"rTTxX5loXbtazDI0NLAj": "artist-artistOnTour-eventName",
	"j1MetdstqbpfRVFl1W01": "artist-artistOnTour-info",
	"viRsT27AlJDd4bZyiH_k": "artist-artistOnTour-item",
	"h3FvLvcLCaK12strxe2F": "artist-artistOnTour-location",
	"ERcmpF077M1XT1X0fIxB": "artist-artistOnTour-metadata",
	"Oq3xjFrLaBAabx847xea": "artist-artistOnTour-onTourShelfGrid",
	"n46Gs0Xh2zys0a2KwSRS": "artist-artistOnTour-time",
	"IUF5ct6RQtva_f_DQqg0": "artist-artistOnTour-timeAndVenue",
	"dvPKZDevT0Llia4bmaJX": "artist-artistOnTour-timeAndVenueText",
	"RpOhZK9h4ccL8wsEgdwQ": "artist-artistOnTour-title",
	"kgR8s9v7IzY4G17ZtLbw": "artist-artistOverview-about",
	"Sl7tzXKh5stpn_y5prU5": "artist-artistOverview-artistOverviewContainer",
	"BL__GuO2JsHMR6RgNfwY": "artist-artistOverview-artistOverviewContent",
	"_7rRmILTMMuCiW77ERpvL": "artist-artistOverview-artistShelfRelatedVideos",
	"jJ1PYBjdJy5plPbVprT1": "artist-artistOverview-artistShelfSpacer",
	"EsgR8WWJIEa9L2wBAKxg": "artist-artistOverview-artistSides",
	"_yUo81yeoON6wNqCV_ud": "artist-artistOverview-artistSidesBlock",
	"qsfp4wSDOv6LBCbFApI1": "artist-artistOverview-events",
	"hLkn_NwPkY5VIAETCqCK": "artist-artistOverview-heading",
	"_7MwXzTGa7JMhVlJCeDJ9": "artist-artistOverview-merch",
	"NOFtFAj4dIAsXQgVHJcA": "artist-artistOverview-merchShelfContent",
	"ODvt8oN68o6Iy8nxwOuY": "artist-artistOverview-merchSmall",
	"NLaDALU71zxOtBUbsrfH": "artist-artistOverview-overview",
	"q9GR66ZTM4HH42Z_qroQ": "artist-artistOverview-popularTracks",
	"yTBLU_z7yk9Xp_oN48Q2": "artist-artistOverview-popularTracksBlock",
	"uVh80THccLWIzZYwgUaQ": "artist-artistOverview-sideBlock",
	"b0NcxAbHvRbqgs2S8QDg": "artist-artistVerifiedBadge-badge",
	"bn2UNQDs5GLY5rjp5Ljh": "artist-artistVerifiedBadge-fillColor",
	"CmR9tHJ5ta6oWJlKBm3k": "artist-artistVerifiedBadge-wrapper",
	"idI9vydtCzXVhU1BaKLw": "artist-followButton-button",
	"Qq16641w1flRfBavPaAn": "artist-followButton-disabled",
	"fEbcweEiUPPy2eaIaD3F": "artist-followButton-followed",
	"wi2HeHXOI471ZOh8ncCG": "artist-popularTrackList-seeMore",
	"YV8aNrRwNwFaMozM_Bfo": "collection-collection-adBarEnabled",
	"Hbwta1_s02edtdkgJ7qZ": "collection-collection-AddToPlaylistIcon",
	"nHGnfkVXCk9YYVitV6eu": "collection-collection-emptyStateContainer",
	"fLqEiE5HwKr9eFCbJgeu": "collection-collection-header",
	"tUg9tRrSVbtjHJ4WHnxw": "collection-collection-tabBar",
	"ZzUvBwE6uj5CAU2pjlQX": "collection-collectionEntityHeroCard-container",
	"xhPzQCyks9pfizJj_PVK": "collection-collectionEntityHeroCard-descriptionContainer",
	"DY2YrJ5MH3ddIhZGORBq": "collection-collectionEntityHeroCard-headerContainer",
	"NGSgqDuaOH2VDApkzoxN": "collection-collectionEntityHeroCard-likedSongs",
	"QoUF6etsDFiL979QR7aC": "collection-collectionEntityHeroCard-moreText",
	"d8ifuAZX8mK644AwlRZK": "collection-collectionEntityHeroCard-opacityText",
	"lBs1v3T3HAPrOxfyWemr": "collection-collectionEntityHeroCard-skeletonRow",
	"ZXOyJPokUIObMnvTOJvc": "collection-collectionEntityHeroCard-tracksContainer",
	"kST1INfbHSxzydJffBq_": "collection-collectionEntityHeroCard-yourEpisodes",
	"VuUpAVlUW_OfMfOcDEID": "collection-searchBar-searchBar",
	"H0HbpIM3UrcupWIAjLWu": "cover-art",
	"W0TACB7OY0iXtKVOtEhY": "cover-art-auto-height",
	"zmOtW0vqqn1qpZrtQ_w9": "cover-art-icon",
	"FqmFsMhuF4D0s35Z62Js": "cover-art-image",
	"GSFvITwD84dS2JA62Mtj": "desktopmodals-aboutSpotifyModal-closeButton",
	"UnLGG6p932k7WyjkB9Vo": "desktopmodals-aboutSpotifyModal-container",
	"KlzblASEYfUfaykBFZgM": "desktopmodals-aboutSpotifyModal-content",
	"XF1XXenkrbdAK2rRoxoU": "desktopmodals-aboutSpotifyModal-copyright",
	"Ifnz1lh1jjvqPqJ4KPo8": "desktopmodals-aboutSpotifyModal-licensing",
	"qsKpcFrhrA8KtuTVIN_y": "desktopmodals-licensesModal-buttonContainer",
	"uYKs_kQMPOziaeDj877B": "desktopmodals-licensesModal-container",
	"i8qeSJJVx4PXb7fsvOTd": "desktopmodals-licensesModal-content",
	"WhIzm3S3R6Ker3XvpYW6": "desktopmodals-licensesModal-licensesFrame",
	"qi0hX8uXrbQyS6tvdDBt": "desktopmodals-versionStatus-container",
	"WomzHWnDO_yFyjnkd49P": "desktopmodals-versionStatus-content",
	"R83hOohwVshnd6bEkDO4": "desktopmodals-versionStatus-copyButton",
	"YJMECPbMHWgMUs8RFdcV": "folder-folderPage-sectionWrapper",
	"zogFp9G1AEqb8AKOd5B0": "GenericModal",
	"I3zkdnuhFFrZ1Rr1BJhb": "GenericModal__overlay",
	"cUwQnQoE3OqXqSYLT0hv": "link-subtle",
	"VUXMMFKWudUWE1kIXZoS": "link-subtle",
	"iKgf4UDhbRTHxmZSuAEc": "lyrics-lyrics-adLeaderboardIsEnabled",
	"L9xhJOJnV2OL5Chm3Jew": "lyrics-lyrics-background",
	"o4GE4jG5_QICak2JK_bn": "lyrics-lyrics-background",
	"tr8V5eHsUaIkOYVw7eSG": "lyrics-lyrics-container",
	"FUYNhisXTCmbzt9IDxnT": "lyrics-lyrics-container",
	"Q2RPoHcoxygOoPLXLMww": "lyrics-lyrics-contentContainer",
	"gqaWFmQeKNYnYD5gRv3x": "lyrics-lyrics-contentContainer",
	"esRByMgBY3TiENAsbDHA": "lyrics-lyrics-contentWrapper",
	"_Wna90no0o0dta47Heiw": "lyrics-lyrics-contentWrapper",
	"iPBJpp5EVkRE24N6vmGA": "lyrics-lyrics-coverTopBar",
	"SaEkeiyzAoXnWVSDiTR7": "lyrics-lyrics-vocalRemoval",
	"arY01KDGhWNgzlAHlhpd": "lyrics-lyricsContent-active",
	"EhKgYshvOwpSrTv399Mw": "lyrics-lyricsContent-active",
	"iq4cgi0YEKr6DGaTtzUj": "lyrics-lyricsContent-description",
	"MEjuIn9iTBQbnCqHpkoQ": "lyrics-lyricsContent-highlight",
	"aeO5D7ulxy19q4qNBrkk": "lyrics-lyricsContent-highlight",
	"_LKG3z7SnerR0eigPCoK": "lyrics-lyricsContent-isInteractive",
	"vapgYYF2HMEeLJuOWGq5": "lyrics-lyricsContent-isInteractive",
	"NiCdLCpp3o2z6nBrayOn": "lyrics-lyricsContent-lyric",
	"nw6rbs8R08fpPn7RWW2w": "lyrics-lyricsContent-lyric",
	"kGR_hu4tdj9PnUlSPaRL": "lyrics-lyricsContent-provider",
	"LomBcMvfM8AEmZGquAdj": "lyrics-lyricsContent-provider",
	"A3ohAQNHsDIMv2EM3Ytp": "lyrics-lyricsContent-text",
	"BXlQFspJp_jq9SKhUSP3": "lyrics-lyricsContent-text",
	"HxblHEsl2WX2yhubfVIc": "lyrics-lyricsContent-unsynced",
	"SruqsAzX8rUtY2isUZDF": "lyrics-lyricsContent-unsynced",
	"E4q8ogfdWtye7YgotBlN": "main-actionBar-ActionBar",
	"eSg4ntPU2KQLfpLGXAww": "main-actionBar-ActionBarRow",
	"CoLO4pdSl8LGWyVZA00t": "main-actionBarBackground-background",
	"PkOz5g82CaoKk1J3GX0e": "main-actionBarBackground-background",
	"GTAFfOA_w5vh_bDaGJAG": "main-actionButtons",
	"NPvLJSRWfv1Joo8dF0D8": "main-actionButtons",
	"WIGgdAaAzrXm7f_loaXi": "main-actionButtons-button",
	"rRF_r7EyCHjZv058JACi": "main-addButton-active",
	"SPC4uzYXJmknkCGKpxHw": "main-addButton-active",
	"Fm7C3gdh5Lsc9qSXrQwO": "main-addButton-button",
	"RbsCNNM9a0WkFCM2UzBA": "main-addButton-button",
	"nzUMgk_XBD4uFFgA_LOI": "main-addButton-disabled",
	"GolAZOzxNIKbfZdIApC_": "main-addButton-helmet",
	"LuK6ZGXdwxSW92X3FodG": "main-addButton-zoomInAnimation",
	"uKyQmBSHiTyLvZlrFHLE": "main-appShell-card",
	"fGX1fnzBkGAAMfMxDXDe": "main-appShell-cards",
	"uMdsIJ2RlIvMQObefThj": "main-appShell-cardsHeader",
	"ucE6L4XRyB9F_RXDPVuR": "main-appShell-cardsWrapper",
	"FKzolQvIeUcXEOsjtw8l": "main-appShell-container",
	"vIGYXwggXAn1Xc_qD5LA": "main-appShell-logo",
	"HMyLin1O_6Ae2odnit1u": "main-appShell-mainContent",
	"qqVgbIIvqVxAT7KPTjM6": "main-appShell-navItems",
	"D1z00v8mUgOxx_my43Yq": "main-appShell-playbackBar",
	"rLrSnwagmkEsLoI1InYT": "main-appShell-sideBar",
	"Fe4_ZnxnNSMxu7vzbntV": "main-appShell-topBar",
	"tp8rO9vtqBGPLOhwcdYv": "main-avatar-avatar",
	"LKfKy7bXKmlkMEANVJMS": "main-avatar-avatar",
	"Xz3tlahv16UpqKBW5HdK": "main-avatar-image",
	"yzLEMgdzXgAnIZZwMHO1": "main-avatar-piled",
	"ENopS3htmKy15q_QCR2j": "main-avatar-piledIcon",
	"m95Ymx847hCaxHjmyXKX": "main-avatar-placeholderTransparent",
	"KdxlBanhDJjzmHfqhP0X": "main-avatar-placeholderWrapper",
	"BzunmwrVMyWGpopPJRt2": "main-avatar-withBadge",
	"YEaaNScT6lyJCVBeQoxd": "main-buddyFeed-actions",
	"EaZyLTjK9Rd_s6A8aYVw": "main-buddyFeed-actions",
	"_Xe25F2aC59Kljgqyw3G": "main-buddyFeed-activityMetadata",
	"j7K7_Zly3G1HS9MlKoao": "main-buddyFeed-addFriendPlaceholder",
	"gY0qK1gmEdhq5idwQc8C": "main-buddyFeed-addFriendPlaceholderBtn",
	"cBPbfBWIIPDzhIT6i3ih": "main-buddyFeed-addFriendPlaceholderText",
	"mthrc5U9wb8F4zMBqlPy": "main-buddyFeed-artistAndTrackName",
	"dLg5WMgjh1kfYtZ_MnZz": "main-buddyFeed-avatarContainer",
	"ythYrlFSBm1P_ltHc8e1": "main-buddyFeed-buddyFeed",
	"t345U9kQY1pF704d79oY": "main-buddyFeed-closeButton",
	"fjCfUvlYgfexObyYQqFM": "main-buddyFeed-closeButton",
	"eZCD3dqbvZaABVAhIniT": "main-buddyFeed-closeContainer",
	"Uoc48ia3df_vZxWCLFDB": "main-buddyFeed-closeContainer",
	"AzO2ondhaHJntbGy_3_S": "main-buddyFeed-container",
	"NmPFqFYcYmtFfPShmtj3": "main-buddyFeed-container",
	"zuwPpHAEtIqahnB2u9NR": "main-buddyFeed-content",
	"dRp9nXvINyo7LOvJtuUC": "main-buddyFeed-content",
	"MObmOrMxbQpO10ebAtZA": "main-buddyFeed-emptyBuddyFeed",
	"gj9SOnCIzruGWAM5m3XO": "main-buddyFeed-friendActivity",
	"oWQvtc5QZlmB60A9ejJx": "main-buddyFeed-friendsFeedContainer",
	"nGInMrf62TCFD9MBnEzz": "main-buddyFeed-friendsList",
	"NdQkQZhcYIEcJnRdAYcQ": "main-buddyFeed-header",
	"vJNLkecIsGhwDaslvslX": "main-buddyFeed-header",
	"BeABJha8PrxMcJmlBzcH": "main-buddyFeed-headerTitle",
	"tli6RLZf7DdPtClCKK6_": "main-buddyFeed-link",
	"n6rSk6R7nfmSGSgTRR5_": "main-buddyFeed-loadingFriends",
	"VBQoaks4ZkfIknTKmxXZ": "main-buddyFeed-overlay",
	"ylTErJiI2Ir_LqmrsaXV": "main-buddyFeed-panelTransition",
	"kE5DI3BkNlo9zuO7K3aO": "main-buddyFeed-playbackContext",
	"dvb9y9hcP8sUfMhUASKO": "main-buddyFeed-playbackContextIcon",
	"hnEmEncF7kB2TnE_Uyja": "main-buddyFeed-playbackContextLink",
	"Irsd58UNEmDPxdhXKXCs": "main-buddyFeed-playIcon",
	"AWUxW13rbpNdQkvJJg13": "main-buddyFeed-scrollableArea",
	"v_YrAYQP6fHG_z0hyg7C": "main-buddyFeed-scrollBarContainer",
	"scnRZypJsyXH1tjPg6uM": "main-buddyFeed-scrollBarContainer",
	"gWUxbU2cIHAajHxsVLMZ": "main-buddyFeed-section",
	"WjW1oRtpaNrY37daDP6Y": "main-buddyFeed-sectionFadeEnter",
	"C3bqciZSM7rPG_L3ohdC": "main-buddyFeed-sectionFadeEnterActive",
	"T27BYdtZ9ugE_X_JpP1A": "main-buddyFeed-sectionFadeExit",
	"RLdiPAZ3grZgi7lfHjXA": "main-buddyFeed-sectionFadeExitActive",
	"LywlKLgNaEtHZzLM3EX5": "main-buddyFeed-timestamp",
	"Lcc_yFPFIr7HSbt6aQbQ": "main-buddyFeed-title",
	"cwcgvNz4amFDKqakIqxc": "main-buddyFeed-titleContainer",
	"ktMuChpoidaEvECE7y8f": "main-buddyFeed-username",
	"P7j2kCLc27vLybuzy5XB": "main-buddyFeed-usernameAndTimestamp",
	"LunqxlFIupJw_Dkx6mNx": "main-card-card",
	"aAYpzGljXQv1_zfopxaH": "main-card-cardContainer",
	"tsv7E_RBBw6v0XTQlcRo": "main-card-cardLink",
	"E1N1ByPFWo4AJLHovIBQ": "main-card-cardMetadata",
	"xHz124sSHSCYHecLCTfi": "main-card-cardTitle",
	"w9Tpa4Y111UM5u1WMkEl": "main-card-DownloadStatusIndicator",
	"XiVwj5uoqqSFpS4cYOC6": "main-card-draggable",
	"kpO5z7v_Nr22lge440TY": "main-card-hero",
	"xBV4XgMq0gC5lQICFWY_": "main-card-imageContainer",
	"NH6UaoYYe47eIHA2Rmal": "main-card-imageContainerOld",
	"AYwATC_zEPwCkmO1yc8R": "main-card-imageContainerSkeleton",
	"UB3cP9wsqoAMAHaeBGDt": "main-card-imagePlaceholder",
	"r9Oj1LabijReMkOyeUxw": "main-card-newEpisodeIndicator",
	"woJQ5t2YiaJhjTv_KE7p": "main-card-PlayButtonContainer",
	"zuKTW9yEI9rToECOcWG3": "main-card-PlayButtonContainerVisible",
	"iwsv8i7rNxA2c_VvC4CO": "main-card-type",
	"c6FJaCManaNcchyUwvoL": "main-card-withWaves",
	"MxnDSnm9KnJu4xcsinKh": "main-card-withWavesWrapper",
	"QO_OHdGt6X6luPH6_Lfg": "main-cardHeader-hasNewEpisodeIndicator",
	"Nqa6Cw3RkDMV8QnYreTr": "main-cardHeader-link",
	"nk6UgB4GUYNoAcPtAQaG": "main-cardHeader-text",
	"yYflTYbufy7rATGQiZfq": "main-cardImage-circular",
	"SKJSok3LfyedjZjujmFt": "main-cardImage-image",
	"g4PZpjkqEh5g7xDpCr2K": "main-cardImage-imageWrapper",
	"qucSNjx66ofSGZDzCuEk": "main-cardSubHeader-isHero",
	"Za_uNH8nTZ0qCuIqbPLZ": "main-cardSubHeader-root",
	"RArlOXg8S6l3NgRKrGsO": "main-cardSubHeader-text",
	"r9YzlaAPnM2LGK97GSfa": "main-collectionLinkButton-collectionLinkButton",
	"ot6VAZq1Xfbw2Vh8Qt_A": "main-collectionLinkButton-collectionLinkText",
	"v1Gs5xaHy8aBhUMEobSn": "main-collectionLinkButton-dragEnter",
	"bFQ9NOIn1bDs8tTH0ebQ": "main-collectionLinkButton-icon",
	"GGx57b6ZwGgzUeTpynUw": "main-collectionLinkButton-iconWrapper",
	"zDK1f3nL_R49a1mOvaO1": "main-collectionLinkButton-selected",
	"MIsUJlamzLYuAlvPbmZz": "main-confirmDialog-button",
	"X05XDhpQJ7THPHfgbUk1": "main-confirmDialog-buttonContainer",
	"RVgHI2ejYct8LjT1AO7m": "main-confirmDialog-container",
	"m0yIuS1Q6XRA5R4PNEhl": "main-confirmDialog-overlay",
	"gQoa8JTSpjSmYyABcag2": "main-connectBar-connectBar",
	"T3hkVxXuSbCYOD2GIeQd": "main-connectBar-connected",
	"GcHojieewpdN1c8vbtwk": "main-connectBar-connecting",
	"Cm3jbLBimhqdYEcNTVPj": "main-contextMenu-addToPlaylistSubtitle",
	"OVv1uDz67TLurN8o6LtQ": "main-contextMenu-addToPlaylistTitle",
	"EyDGMdJOp8ktTzmRFcQM": "main-contextMenu-clearButton",
	"pzkhLqffqF_4hucrVVQA": "main-contextMenu-disabled",
	"jJzb9peSGYsUDKbc5QBy": "main-contextMenu-disabled",
	"NmbeQabkSLXf0mTAhSLl": "main-contextMenu-dividerAfter",
	"pXsnH0sMlWUGBffe24cr": "main-contextMenu-dividerAfter",
	"QgtQw2NJz7giDZxap2BB": "main-contextMenu-dividerBefore",
	"hYwu7ZpcbQIP6iM5fzAu": "main-contextMenu-dividerBefore",
	"pc7Mq0FHh8Nlho4sOJH7": "main-contextMenu-expandButton",
	"IErtLy9qyhR17riTrzYh": "main-contextMenu-expanded",
	"qCnh1KNFmroitPazoXOc": "main-contextMenu-expandRight",
	"ycGdaksV3Z5Y7eav3ZyQ": "main-contextMenu-filterInput",
	"dJzYRtCWK2U6k08EtqAg": "main-contextMenu-filterInputContainer",
	"zfZEbT8RJbcAg13pTMDl": "main-contextMenu-filterInputFullWidth",
	"eG930DCaQXDFqjhxRGIs": "main-contextMenu-filterPlaylistSearch",
	"i8EjndRQjYlli0aLGYEm": "main-contextMenu-filterPlaylistSearchContainer",
	"M0E2Al6URHV3iyoDbvi_": "main-contextMenu-highlightedText",
	"uEPiT_llP0oFNDYu_QZR": "main-contextMenu-loadingContainer",
	"ibA08TpSVrM0wThmotVd": "main-contextMenu-loadingContainer",
	"SboKmDrCTZng7t4EgNoM": "main-contextMenu-menu",
	"k4sYYpEpX2f7RMAPHv3F": "main-contextMenu-menu",
	"NbcaczStd8vD2rHWwaKv": "main-contextMenu-menu",
	"re2d5HDzt6T4XBgqcBhi": "main-contextMenu-menuHeading",
	"qUeWph4VP9DwR4xOfabh": "main-contextMenu-menuHeading",
	"DuEPSADpSwCcO880xjUG": "main-contextMenu-menuItem",
	"GqvHlGax1jo6vO9D0wHH": "main-contextMenu-menuItem",
	"rQ6LXqVlEOGZdGIG0LgP": "main-contextMenu-menuItem",
	"wC9sIed7pfp47wZbmU6m": "main-contextMenu-menuItemButton",
	"SN9k988q2Seb_joCaEny": "main-contextMenu-menuItemButton",
	"mWj8N7D_OlsbDgtQx5GW": "main-contextMenu-menuItemButton",
	"PDPsYDh4ntfQE3B4duUI": "main-contextMenu-menuItemLabel",
	"ctAknuakI8idqf_S9tvT": "main-contextMenu-menuItemLabel",
	"llTZj1tjDr5ZnIOkKdHv": "main-contextMenu-menuItemStatic",
	"Cjga8q3TFvtKCu9qfm27": "main-contextMenu-menuItemStatic",
	"T2BaFHODss7KUUqG8Ryq": "main-contextMenu-overlay",
	"_PqnQJddudWUtaIxOzo7": "main-contextMenu-searchIcon",
	"dgc81JRAlkNQTsZae3Bz": "main-contextMenu-searchIconContainer",
	"iGw72tLfCJI5bdpgf7JQ": "main-contextMenu-subMenuIcon",
	"IJYRnAk_0OE4UPQABQcl": "main-contextMenu-subMenuIcon",
	"abJqsjKClbniwiTCZ7bC": "main-contextMenu-subMenuLeading",
	"wtEUrk4Sxa5e3QZhvbrs": "main-contextMenu-subMenuLeading",
	"X8yW2lJbFCQfV5GjoRwL": "main-contextMenu-tippy",
	"nYdM55iHFByRTzJUmx9X": "main-contextMenu-tippy",
	"mph1R_QkS44EPi4lrhxd": "main-contextMenu-tippyEnter",
	"sNOxi993vqYCWYgo_N3H": "main-contextMenu-tippyEnter",
	"v5IUMJNPJgol0273zQXD": "main-contextMenu-tippyEnterActive",
	"z_29i58eLFLK50jAs_4a": "main-contextMenu-tippyEnterActive",
	"bkFQH4uasL3pXqN9eDSi": "main-contextMenu-tippyWrapper",
	"ExGt4YQfmcwvVFGM7tpN": "main-contextMenu-trigger",
	"rVxzkDirgkuRPv5V1HYF": "main-coverSlotCollapsed-container",
	"GQ5_gIWzIqAfBdmQm8yJ": "main-coverSlotCollapsed-container",
	"qWcH8e2laY9sYOuCsOAx": "main-coverSlotCollapsed-expandButton",
	"_9sCL61nGvQFXv2u02jXw": "main-coverSlotCollapsed-expandButton",
	"IcyWfMS5VkeOhaI7OWIx": "main-coverSlotCollapsed-navAltContainer",
	"jtRqaoDIpIR6fEATUTyY": "main-coverSlotExpanded-container",
	"LROBF2WtGaVryVpVbSOu": "main-coverSlotExpanded-containerExpanding",
	"FegbnTtU6poHbemMzmBP": "main-coverSlotExpanded-enter",
	"i1SMAJ9KRyK_muq63Pmg": "main-coverSlotExpanded-enterActive",
	"Q4cc5RktWgz2H8_vDrIS": "main-coverSlotExpanded-exitActive",
	"Fih6l1HD6F3NRrdCEMFE": "main-coverSlotExpanded-expanding",
	"g6ZgzRfiHjsTLskeyI0J": "main-coverSlotExpandedCollapseButton-collapseButton",
	"IPVjkkhh06nan7aZK7Bx": "main-createPlaylistButton-button",
	"q3ABXYJT9JZIzXOOtVuO": "main-createPlaylistButton-createPlaylistIcon",
	"Bwc9jlVb7HWs8JJupnBB": "main-createPlaylistButton-icon",
	"J4xXuqyaJnnwS6s2p3ZB": "main-createPlaylistButton-text",
	"PrhIVExjBkmjHt6Ea4XE": "main-devicePicker-button",
	"tyZF5iwaJ6J5raHWkxwu": "main-devicePicker-connectBarVisible",
	"IbmaxRtjqCjqTBpFwCgw": "main-devicePicker-connected",
	"l79vgNZqvs1q9nw6Q8A2": "main-devicePicker-connecting",
	"E3EJEgTSJdjF1NrDf9GB": "main-devicePicker-connectingIcon",
	"INitzTSjokOMEJOc6P2H": "main-devicePicker-controlButton",
	"hwP4Oum2PB765sb8jigI": "main-devicePicker-devices",
	"h3qSlLeqACMUaASiKDHa": "main-devicePicker-devicesHeading",
	"zFqMGX3h5z2CO3f2uEiL": "main-devicePicker-devicesList",
	"MMjN8VsyKsAlLjFw4RMa": "main-devicePicker-devicesOtherNetworksHeading",
	"AXkwHpGa_BG7Dy4v7o2V": "main-devicePicker-header",
	"ppzUk3Yw4Opnu95vCliV": "main-devicePicker-header",
	"tm3lCLoFzk25Q_df5g5K": "main-devicePicker-heading",
	"Zb1Lbll48zpXP9k_0m1N": "main-devicePicker-heading",
	"pXrRjiuo3ZpGwIvDAGzJ": "main-devicePicker-headingAction",
	"gz7xPnsQVKVMnQY2KjJs": "main-devicePicker-headingConnected",
	"SzZayhxQEuTPMFgNrLOG": "main-devicePicker-headingContent",
	"fCe03n0XPP2ljLlWgfh3": "main-devicePicker-headingContent",
	"TJ5Bjp6vgnWVbh6mGN0n": "main-devicePicker-headingSubtitle",
	"fMNrKmRiR7PwVComoqfb": "main-devicePicker-headingSubtitle",
	"YY5a3DPS6akIYNqJdwn3": "main-devicePicker-headingTechIcon",
	"E9qsFEgJZJnARk6hOCsj": "main-devicePicker-headingTitle",
	"wC7XHKBOz7EiENs4anj4": "main-devicePicker-headingTitle",
	"WFRr38dFOxh75JyzSTj5": "main-devicePicker-indicator",
	"ntdp2T_przGKYzhwYSGz": "main-devicePicker-menuOpen",
	"LVp1auH4vtD3hvb1s4gl": "main-devicePicker-moreButton",
	"uWvwXlS0Da1bWsRX6KOw": "main-devicePicker-nowPlayingActiveIcon",
	"KdGUk56d2SlrvrUsFjB1": "main-devicePicker-nowPlayingActiveIcon",
	"pUkuSEO5HGdvTiujyI6H": "main-devicePicker-section",
	"mkQEqlUoJ9kghcMfT49m": "main-devicePicker-section",
	"IdxmFS96lyE7c5uiTnLM": "main-devicePicker-sectionHeading",
	"Ci8IvJAESoDM_7t8FZWy": "main-devicePicker-sectionHeading",
	"HVCCFeUiHVwZVv74p34a": "main-devicePicker-sectionWrapper",
	"bk509U3ZhZc9YBJAmoPB": "main-devicePicker-tooltip",
	"YIJxiTuPgMQav316cRqP": "main-devicePicker-tooltip",
	"b46WEWO1Sc_P4WK5RTg0": "main-devicePicker-tooltipArrow",
	"ItaYxdM8MiuHsa2VXuGQ": "main-devicePicker-tooltipContent",
	"CgzneMEIFUgv7Gxkf_pM": "main-devicePicker-tooltipContent",
	"YUyFyiI58gL8VuLdbOD6": "main-devicePicker-troubleshooting",
	"bZ9fezHRckzRB7RKhQYv": "main-devicePicker-troubleshooting",
	"QClIatTm05fvjVzODr8X": "main-devicePicker-troubleshootingItemIcon",
	"gq10jri_eDZTLB32XBkA": "main-devicePicker-troubleshootingItemIcon",
	"OTuSSciCS3NJqFG8OKX2": "main-devicePicker-troubleshootingItemSubtitle",
	"cxUSS5WmBfLzDUfriVLA": "main-devicePicker-troubleshootingItemSubtitle",
	"AN2rvWrkrs7UsnY12hL8": "main-devicePicker-troubleshootingList",
	"L6IYWy6qSZEiOh0pp4ZX": "main-devicePicker-troubleshootingList",
	"Fyc_tPyPKyRIT_59VZ2B": "main-downloadClient-actionContainer",
	"Foyk_HJx16yh22JYmQ56": "main-downloadClient-container",
	"UalNRoO1omHtEEniypS5": "main-downloadClient-container",
	"_w3sHVCUhYgvQar5WNHw": "main-dragAndDrop-dndImage",
	"vb8kSzIiZbfkwqWZROkW": "main-dragAndDrop-dndImageShelter",
	"zrvvPyoxE6wQNqnu0yWA": "main-dropDown-dropDown",
	"jmu6DFPvhxRl0wSfmv2O": "main-dropDown-isSafari",
	"T596E9OFZtarwLZV_Opk": "main-duplicateTrackModal-buttonContainer",
	"AdF5F5BxQXGeWkfceg9A": "main-duplicateTrackModal-container",
	"XBJ5gUPLDUdlCFkWV7PZ": "main-duplicateTrackModal-description",
	"YDfNb_CMrwg2Z6FeLyNu": "main-duplicateTrackModal-title",
	"MF2rLXp4d_JPNs2t0bbj": "main-editImage-buttonContainer",
	"jN7ZUHc7IxpwvWsjb4jo": "main-editImageButton-copy",
	"w3w0DS8atwcgOQJAKAV2": "main-editImageButton-icon",
	"xfQXUkj6ThzTYbfF8ilt": "main-editImageButton-image",
	"Usk1cPR7qbn7RudRN3td": "main-editImageButton-overlay",
	"CdHBSRh3RhPwBNIBQtkD": "main-editImageButton-rounded",
	"PvesGiAqdV7dazP6Qulv": "main-embedWidgetGenerator-active",
	"oBoIIlKrwQjxXpvOiOa0": "main-embedWidgetGenerator-closeBtn",
	"U_nX_1rJoqQSWPJRE6zb": "main-embedWidgetGenerator-code",
	"uUYNnjSt8m3EqVjsnHgh": "main-embedWidgetGenerator-container",
	"IJHNf0vxPSbPE1egoG4N": "main-embedWidgetGenerator-content",
	"dbKIqeJaR5jYCnOeeDJt": "main-embedWidgetGenerator-contentCode",
	"VaChXV5vRmHB24UihCAG": "main-embedWidgetGenerator-contentFooter",
	"zwGMyD7hN0H1Xx8hV5MH": "main-embedWidgetGenerator-contentHeader",
	"NYCZnquuE8_PvM2bxZ3r": "main-embedWidgetGenerator-contentIframe",
	"gIsqpLXuGzGw3zRTolrW": "main-embedWidgetGenerator-copyBtn",
	"MnqXew54JWlqw2TG7vDK": "main-embedWidgetGenerator-copyWrapper",
	"LeDataq3AAGozahFmBJL": "main-embedWidgetGenerator-crossSep",
	"XPFcOWyZPRej4gH_M5XQ": "main-embedWidgetGenerator-darkControl",
	"tWZ0D98BTxSAFIgp4_tP": "main-embedWidgetGenerator-dimensionField",
	"TSQvyxomq15adJzfCj3j": "main-embedWidgetGenerator-dimensionLabel",
	"dNNjNzGLV8tjhIuats54": "main-embedWidgetGenerator-dimensionsContainer",
	"bOIRpQiHUAEfp8ntStTo": "main-embedWidgetGenerator-header",
	"UrcPMgHLfxfJesFPrNvJ": "main-embedWidgetGenerator-loadingIndicator",
	"nT444OUxO6Vammm8GUVl": "main-embedWidgetGenerator-startAt",
	"wVDmvGlxMo4VisD89XUI": "main-embedWidgetGenerator-terms",
	"mKjr_3b27jFzEoJBJYQw": "main-embedWidgetGenerator-theme",
	"gAlrxXSfi5DpMcVMiUsz": "main-embedWidgetGenerator-themeDescription",
	"mBGUavHPMlD5mfAmiy5g": "main-embedWidgetGenerator-themeRadio",
	"bps2gHcEE9dOV6djVLWF": "main-embedWidgetGenerator-timestampInput",
	"h7qbIvm2yIiZVYqONyFG": "main-embedWidgetGenerator-tooltip",
	"xwNumE3szip6EhU74j3f": "main-embedWidgetGenerator-tooltipInitiator",
	"ObwDQms6Cu8h_8FMWzAT": "main-embedWidgetGenerator-transControl",
	"gB6AcMixPEmdr96SUSBM": "main-embedWidgetGenerator-visible",
	"P4iG24p5ttZDxkQJsiDb": "main-embedWidgetGenerator-widthField",
	"MyW8tKEekj9lKQsviDdP": "main-entityHeader-background",
	"i_kMOBXfnweAkv8s97Yc": "main-entityHeader-background",
	"gHImFiUWOg93pvTefeAD": "main-entityHeader-backgroundColor",
	"PeLrpasyfBW8ql_bmoAi": "main-entityHeader-backgroundColor",
	"H0vWBc23fJOetym6NudG": "main-entityHeader-bold",
	"ta4ePOlmGXjBYPTd90lh": "main-entityHeader-circle",
	"NXiYChVp4Oydfxd7rT5r": "main-entityHeader-container",
	"kuSGKO1BuKZ3fgas7_T7": "main-entityHeader-creatorButton",
	"NO_VO3MRVl9z3z56d8Lg": "main-entityHeader-creatorWrapper",
	"Ydwa1P5GkCggtLlSvphs": "main-entityHeader-detailsText",
	"n4hTP7ZeAOT_UQEkRUR7": "main-entityHeader-divider",
	"k2I8B0MzXkAJ6_s8okM7": "main-entityHeader-gradient",
	"sv5suqIPUwjgUF_BzM41": "main-entityHeader-gradient",
	"PUIUCdIR_h05BC2EDgIP": "main-entityHeader-gray",
	"RP2rRchy4i8TIp1CTmb7": "main-entityHeader-headerText",
	"CmkY1Ag0tJDfnFXbGgju": "main-entityHeader-image",
	"_gLjHpwOxHFwo5nLM8hb": "main-entityHeader-imageContainer",
	"GoU8CT9Vm_TP_LyYJTsf": "main-entityHeader-imageContainerClickable",
	"_osiFNXU9Cy1X0CYaU9Z": "main-entityHeader-imageContainerNew",
	"MclJZ2TMkhjdlqqQfmQd": "main-entityHeader-imagePlaceholder",
	"C7eyib8lynZrycU2Eh_A": "main-entityHeader-large",
	"k9LEjzjnGgVaEm3BvhAb": "main-entityHeader-largeHeader",
	"Jnt9_XezZCMkZmtgBtlL": "main-entityHeader-medium",
	"bQy_F9QVENlCAL8Qan9_": "main-entityHeader-mermaidGradientOverlay",
	"Fb61sprjhh75aOITDnsJ": "main-entityHeader-metaData",
	"Yc6ftz7mCqbsTN4ha_ke": "main-entityHeader-metaDataAuthor",
	"RANLXG3qKB61Bh33I0r2": "main-entityHeader-metaDataText",
	"lD5bMttyrRNzsKch6ysa": "main-entityHeader-newEntityHeaders",
	"ByDYHUfzUKVgFwT5bTxp": "main-entityHeader-newEntriesIndicator",
	"RMDSGDMFrx8eXHpFphqG": "main-entityHeader-nonWrapped",
	"xYgjMpAjE5XT05aRIezb": "main-entityHeader-overlay",
	"I0bVSxvqA3rm5HvciMap": "main-entityHeader-overlay",
	"yhlH4Dsjqw56Z58EOwvQ": "main-entityHeader-overlay",
	"YW4dYEf5ZuLzMfSjsqZk": "main-entityHeader-piled",
	"lp9Tfm4rsM9_pfbIE0zd": "main-entityHeader-pretitle",
	"YbDIZ84mS7tzHr1tgWE9": "main-entityHeader-roundedCorners",
	"_EShSNaBK1wUIaZQFJJQ": "main-entityHeader-shadow",
	"D5X2O0j5dhTZJIkgH8mz": "main-entityHeader-small",
	"U1ypKorrS1qiWD1uQpAD": "main-entityHeader-smallHeader",
	"zjsGbrMpvbdA1HJ4rpfi": "main-entityHeader-smallMadeForIcon",
	"gSx70PISJg6PSRafbOXd": "main-entityHeader-subtitle",
	"YxJ3zwH0R8K8njVQgMcw": "main-entityHeader-subtitleButton",
	"RmWKJG2G0fTrx11zKv_j": "main-entityHeader-theyFollowUs",
	"rEN7ncpaUeSGL9z0NGQR": "main-entityHeader-title",
	"wCkmVGEQh3je1hrbsFBY": "main-entityHeader-titleButton",
	"o4KVKZmeHsoRZ2Ltl078": "main-entityHeader-titleInner",
	"HcA9WjbLc4x02X8Ty0uO": "main-entityHeader-topbarContent",
	"lro6AjUrZFH6zxjmOGg0": "main-entityHeader-topbarContentFadeIn",
	"G7zO58ORUHxcUw0sXktM": "main-entityHeader-topbarTitle",
	"E0MlERsQ_zvY3BX7ZzPp": "main-entityHeader-uppercase",
	"L29j6que7xOiNSH_EOvQ": "main-entityHeader-wavesBackground",
	"XPjEhsPyuOvMZ9NsDrxT": "main-entityHeader-withBackgroundImage",
	"KAZD28usA1vPz5GVpm63": "main-genericButton-button",
	"RK45o6dbvO1mb0wQtSwq": "main-genericButton-buttonActive",
	"EHxL6K_6WWDlTCZP6x5w": "main-genericButton-buttonActiveDot",
	"OomFKn3bsxs5JfNUoWhz": "main-globalNav-buddyFeed",
	"VizXsWMIuNfKGN5pMyox": "main-globalNav-historyButtons",
	"Z6t_8rA6LOBrX3huqRJG": "main-globalNav-historyButtonsContainer",
	"pIM9jg__39NIpOvXG89b": "main-globalNav-historyButtonsContainer",
	"rBX1EWVZ2EaPwP4y1Gkd": "main-globalNav-icon",
	"jdlOKroADlFeZZQeTdp8": "main-globalNav-link-icon",
	"dIfr5oVr5kotAi0HsIsW": "main-globalNav-link-icon",
	"bWBqSiXEceAj1SnzqusU": "main-globalNav-navLink",
	"voA9ZoTTlPFyLpckNw3S": "main-globalNav-navLinkActive",
	"ETjtwGvAB4lRVqSzm8nA": "main-globalNav-navLinkActive",
	"QrpHSphgBSqzODEHqr_t": "main-globalNav-searchContainer",
	"lj0eGI6WEtfxFX7irC03": "main-globalNav-searchContainer",
	"fksI89zEXwqKWm1O6sJm": "main-globalNav-searchInputContainer",
	"W9VXOkC43GP_7ULClgxQ": "main-globalNav-searchInputContainer",
	"PvsV2JgJRDME1vDn6IJL": "main-globalNav-searchInputSection",
	"tDFP1X98EgqQIPaumxRt": "main-globalNav-searchInputSection",
	"W02pQCvfy5Bin7z4EAzo": "main-globalNav-searchSection",
	"gj5VcIUC9oD2p4BsxzGE": "main-globalNav-searchSection",
	"soGhxDX6VjS7dBxX9Hbd": "main-gridContainer-fixedWidth",
	"iKwGKEfAfW7Rkx2_Ba4E": "main-gridContainer-gridContainer",
	"PmW2UCL9vlTcNPD7J0KJ": "main-gridContainer-uniformRowHeight",
	"HkbHLcqgUfXruL5xVi28": "main-heroCard-card",
	"_gB1lxCfXeR8_Wze5Cx9": "main-heroCard-cardLink",
	"sm7ZnbOO1Zfg9cupYgPN": "main-heroCard-cardMetadata",
	"kVHQenQh3yKEk2n7Ere4": "main-heroCard-draggable",
	"NkDkQMd75JY5xes9xFVe": "main-heroCard-isDownloadable",
	"liYe8rZ0FEQBy8j8XGJH": "main-heroCard-isPlaying",
	"pgwIORyBdf4nbb4G5_Jx": "main-heroCard-PlayButtonContainer",
	"I3EivnXTjYMpSbPUiYEg": "main-home-content",
	"ZLSAuA1tn0bSdQRwhhj6": "main-home-content",
	"Le0q6vXGEvilJEjOqgF9": "main-home-content",
	"zbU90jX5VWUhVlpUda7B": "main-home-filterChipsContainer",
	"cj6vRk3nFAi80HSVqX91": "main-home-filterChipsContainer",
	"rX_OmqCngvY5ZCoYBZgb": "main-home-filterChipsSection",
	"hIFR8WDm_54EEIa1gwpC": "main-home-filterChipsSection",
	"uIJTvxFOg2izOY7aRRiU": "main-home-home",
	"HsbczDqu9qjcYr7EIdHR": "main-home-homeHeader",
	"S4OmZ_IZexmZ5dasPqW5": "main-home-homeHeader",
	"DQRst2WAECYq2xsrsPRA": "main-home-isOffline",
	"QbD9zl7z3AhEQu_TGmo8": "main-home-subfeedSection",
	"_kVOt2H6WxXzURx2FRLM": "main-home-withAds",
	"mMx2LUixlnN_Fu45JpFB": "main-image-image",
	"Yn2Ei5QZn19gria6LjZj": "main-image-loaded",
	"yOKoknIYYzAE90pe7_SE": "main-image-loading",
	"wcftliF4QjZKB1CYgEON": "main-imagePicker-fileInput",
	"IuU_JLhFTfKPXfDkmAaF": "main-keyboardShortcutsHelpModal-closeBtn",
	"YyxAoeTuu0BHU1OcahFK": "main-keyboardShortcutsHelpModal-container",
	"EhyK_jJzB2PcWXd5lg24": "main-keyboardShortcutsHelpModal-container",
	"e4ETsc5zxjzyF9nyb4LI": "main-keyboardShortcutsHelpModal-header",
	"hykQHtPI6EeFREwqRrOR": "main-keyboardShortcutsHelpModal-key",
	"ARw2f2PkF29n9Ek_eWu3": "main-keyboardShortcutsHelpModal-sectionHeading",
	"umavpIt6VOGqirdlUYWs": "main-keyboardShortcutsHelpModal-sectionItem",
	"dYBZmh_ZIyvBZfaoducd": "main-keyboardShortcutsHelpModal-sectionItemName",
	"KDlcc1SFTcA90eMUcn5P": "main-keyboardShortcutsHelpModal-sections",
	"cyXplMovoowBozEe4r2x": "main-keyboardShortcutsHelpModal-sectionsContainer",
	"X871RxPwx9V0MqpQdMom": "main-leaderboardComponent-container",
	"Nd_DeCpszONzyaLe5Wd1": "main-likedSongsButton-likedSongsIcon",
	"BuzoTjBZd1UqCn6DmFJr": "main-loadingIndicator-circle",
	"HKamyJi9H31s99erfVyG": "main-loadingIndicator-loadingIcon",
	"K7fGF95OD9aI3zdYnFXg": "main-loadingPage-container",
	"y7xcnM6yyOOrMwI77d5t": "main-lyricsCinema-container",
	"TITRkcJffQbL60GWevgh": "main-lyricsCinema-content",
	"xnPS9Fa6efctzBjM05O4": "main-lyricsCinema-controls",
	"AptbKyUcObu7QQ1sxqgb": "main-lyricsCinema-lyricsCinemaVisible",
	"YtsqA6txqmCqkKq0G2Ta": "main-lyricsCinema-nonDisplayedArea",
	"T0anrkk_QA4IAQL29get": "main-moreButton-button",
	"NyIynkmMpZXSoaE3XGhA": "main-navBar-banner",
	"WvLkmOVB2R2vzI2ibR_r": "main-navBar-downloadItem",
	"RSg3qFREWrqWCuUvDpJR": "main-navBar-entryPoints",
	"WJsKJXEbycxxq8OcGHM1": "main-navBar-logo",
	"sqKERfoKl4KwrtHqcKOd": "main-navBar-mainNav",
	"lYpiKR_qEjl1jGGyEvsA": "main-navBar-mainNav",
	"tUwyjggD2n5KvEtP5z1B": "main-navBar-navBar",
	"eNs6P3JYpf2LScgTDHc6": "main-navBar-navBarItem",
	"b2KVTiBUcXV1kT0OjL2p": "main-navBar-navBarItemDropTarget",
	"ATUzFKub89lzvkmvhpyE": "main-navBar-navBarLink",
	"moDRd9td0KtitPDzR7OJ": "main-navBar-navBarLinkActive",
	"GKnnhbExo0U9l7Jz2rdc": "main-navBar-premiumLink",
	"uhxXhw9alI7KR1YTc904": "main-navBar-premiumNavItem",
	"IebnAuNOhIG5mDVNJQ5M": "main-noConnection-isError",
	"N3juGUCH1EhEzmffNHAp": "main-noConnection-isNotice",
	"w3PliL6VjTaj2VfscF_k": "main-notificationBubble-closeIcon",
	"ZKFK00olAYy6LtYMjEIa": "main-notificationBubble-enter",
	"QlivAoYbLCn5nS3zU331": "main-notificationBubble-enterActive",
	"o_GEOPl4MEZXycGnTN69": "main-notificationBubble-exit",
	"oJET9u4Y7Vz69Mpp5syC": "main-notificationBubble-exitActive",
	"w_XZqc9pSOOjMMBej0c9": "main-notificationBubble-horizontal",
	"dvZM2BeYewZHdINeWuh6": "main-notificationBubble-isClickable",
	"_cDysv1Z9Ihw848shb92": "main-notificationBubble-isCloseable",
	"sgWxJyCSuqvdP5VZhqts": "main-notificationBubble-isError",
	"hmqCvVdVEXlW52i3efqa": "main-notificationBubble-isNotice",
	"vQNZsbpzoUFSW5fsFOAw": "main-notificationBubble-NotificationBubble",
	"mtmSGKkBYNwbd49V_8fS": "main-notificationBubble-withPointer",
	"zrZgCe7tURBRdKkFGc7S": "main-notificationBubble-withSidePointer",
	"a3nLBllaudGWnYzNTND_": "main-notificationBubble-withTopLeftPointer",
	"_XeODCkWznZi5csbdPAe": "main-notificationBubble-withTopRightPointer",
	"AOaoydTb5lrGytHbTAAy": "main-notificationBubbleContainer-NotificationBubbleContainer",
	"wh7q2LxxjhyXLJvxRQGG": "main-nowPlayingBar-buddyFeedIcon",
	"P4eSEARM2h24PZxMHz1T": "main-nowPlayingBar-center",
	"sVv2OQORCQ4kf6iKfUTF": "main-nowPlayingBar-center",
	"GD2gbRtcs5dOjMGAM_Y4": "main-nowPlayingBar-container",
	"yglmI5m3fCc8baD1Kwdw": "main-nowPlayingBar-container",
	"RtrMo_s0acvzbSRLovVW": "main-nowPlayingBar-enter",
	"D4el1GTrNd7l_TFyRGO8": "main-nowPlayingBar-enterActive",
	"HOZJyu9UCJodOQSVvduV": "main-nowPlayingBar-enterDone",
	"mwpJrmCgLlVkJVtWjlI1": "main-nowPlayingBar-extraControls",
	"tT6x7wFZmjldiCeh6HzO": "main-nowPlayingBar-isAnonymous",
	"OgkbKIVYE_mrNpYESylB": "main-nowPlayingBar-left",
	"snFK6_ei0caqvFI6As9Q": "main-nowPlayingBar-left",
	"Xmv2oAnTB85QE4sqbK00": "main-nowPlayingBar-lyricsButton",
	"OCY4jHBlCVZEyGvtSv0J": "main-nowPlayingBar-nowPlayingBar",
	"udArIAqnfUQPQew2VAns": "main-nowPlayingBar-nowPlayingBar",
	"jOKLc29vP0Bz1K0TsDtX": "main-nowPlayingBar-right",
	"pLifNBuHRY8cZkZyEqwL": "main-nowPlayingBar-right",
	"uVRRxsH6RKj3Dzhl40Ok": "main-nowPlayingBar-topButton",
	"ExuDUBJ7bk8vT6INnm9F": "main-nowPlayingBar-volumeBar",
	"U3kNTAyv7lhF9nBuwgB6": "main-nowPlayingView-aboutArtist",
	"muTn937T_T9l0xqjlN8A": "main-nowPlayingView-aboutArtistBio",
	"Tk7SUvI_ULiUuC5gZsIx": "main-nowPlayingView-aboutArtistButton",
	"ldx08BCI74rTPhgD3vbj": "main-nowPlayingView-aboutArtistContent",
	"HISuyqmMLx0amzWHxgN1": "main-nowPlayingView-aboutArtistHasImage",
	"RJvcrFChbhxGRIi8mBXJ": "main-nowPlayingView-aboutArtistPlaceholderWrapper",
	"DjnRJuC2FcNrQ6Q6DerZ": "main-nowPlayingView-aboutArtistTextContent",
	"vbsB4OQJkFHLU8SbSGzS": "main-nowPlayingView-aboutArtistV2",
	"jLPxNlznfpZHUtITCFnb": "main-nowPlayingView-aboutArtistV2Avatar",
	"r9m6lHy7RyIPDzW1Youe": "main-nowPlayingView-aboutArtistV2Bio",
	"hd6a3g_3QyF8MFL0wWs1": "main-nowPlayingView-aboutArtistV2Button",
	"kVP43jHrJeS7afn8mOgX": "main-nowPlayingView-aboutArtistV2FollowButton",
	"z9CDQr2gnyXDtcc1uF05": "main-nowPlayingView-aboutArtistV2HasImage",
	"ouorHKa6NI5cm666H3tp": "main-nowPlayingView-aboutArtistV2Image",
	"GTmlByXpJj7V6AwVq0Vk": "main-nowPlayingView-aboutArtistV2ImageContainer",
	"iWpZp7Ab_9h7s_U1SsLN": "main-nowPlayingView-aboutArtistV2Listeners",
	"zhQX2DOI2muMo8EKsZ6h": "main-nowPlayingView-aboutArtistV2ListenersCount",
	"COJ84QbXPrd4jkO1HU2N": "main-nowPlayingView-aboutArtistV2Name",
	"yIPdY6L6pcwR4L5Xf0vY": "main-nowPlayingView-aboutArtistV2PlaceholderWrapper",
	"QkOkUShDYWFx5Cz40Bcn": "main-nowPlayingView-aboutArtistV2TextContent",
	"vkS_Ks0svKls4w2s2ppT": "main-nowPlayingView-aboutArtistV2Title",
	"IgTMXVbZtqtZwu3GZASd": "main-nowPlayingView-artistOnTour",
	"uvIvZ4XqfEFs88BAPaI8": "main-nowPlayingView-artistOnTourItem",
	"svHFeMC3Ef_TpSdRyvsM": "main-nowPlayingView-artistOnTourShowAll",
	"QIuMX9iPlMiflBPUkrEQ": "main-nowPlayingView-container",
	"jtqtOeRP46XAlHWx4C0D": "main-nowPlayingView-content",
	"aaFQbW0j0N40v_siz0kX": "main-nowPlayingView-contextItemInfo",
	"j9I5h3Z4o0fKNgI1fIjb": "main-nowPlayingView-coverArt",
	"zL6hQR4mukVUUQaa_7K1": "main-nowPlayingView-coverArtContainer",
	"l2PpoXJouAgqFCuNT3iB": "main-nowPlayingView-credits",
	"g5zF2gHZOarew6ApvZB6": "main-nowPlayingView-creditsGroup",
	"kUyRPckYBgHDaJp8bmXi": "main-nowPlayingView-creditsHeader",
	"bBldZtWu4QtzmrTfHOKm": "main-nowPlayingView-creditsShowAll",
	"PqjIyA05rhDaDg2S1qIQ": "main-nowPlayingView-creditsSource",
	"MPBLLykSgRJIlLSbQVgy": "main-nowPlayingView-gradient",
	"SfAYznqZyNk_AvvxIkUx": "main-nowPlayingView-header",
	"hzUuLPdH48AzgQun5NYQ": "main-nowPlayingView-lyricsContent",
	"KzMnBC9eFK8cAfcFTg9b": "main-nowPlayingView-lyricsControls",
	"I2WIloMMjsBeMaIS8H3v": "main-nowPlayingView-lyricsGradient",
	"N9Xjnxz8vGgWwbEBE5g7": "main-nowPlayingView-lyricsTitle",
	"wpJvLvrrnyP0_C7hLkqg": "main-nowPlayingView-merch",
	"n4_WcnoVeg2SeDJPWnKK": "main-nowPlayingView-nextInQueue",
	"cIUedsmg_cTnTxvOYTKR": "main-nowPlayingView-nowPlayingGrid",
	"fIpDXK7M3W0Bn3FgLSRe": "main-nowPlayingView-nowPlayingWidget",
	"PqL625rkFi7CBiMggYTP": "main-nowPlayingView-openQueue",
	"wkl1CJw1cTKpqlKDAiln": "main-nowPlayingView-panelOpenDiv",
	"byIN5OSjNcJHipcI9kuf": "main-nowPlayingView-playNext",
	"LT6lpp3S4Tx8VsbnPzuA": "main-nowPlayingView-playNextButton",
	"A4e013b7hUST0QPHFqKr": "main-nowPlayingView-playNextButtonIcon",
	"V6Fgup3wwQdhZVYVntrH": "main-nowPlayingView-playNextIcon",
	"qbOrWcMUhSri1nPkZLQA": "main-nowPlayingView-queue",
	"Mj718TwbPAUi_iNAcsmz": "main-nowPlayingView-queueItem",
	"Nyxk_izrYbGecpgmtp91": "main-nowPlayingView-queueItemEntityImage",
	"Ai_McRq9wJEYK21w8nX_": "main-nowPlayingView-section",
	"EVqc6HChiM9pEqBYAiUE": "main-nowPlayingView-sectionHeader",
	"gpDSOimnzH4zTJmE7UR5": "main-nowPlayingView-sectionHeaderSpacing",
	"zZdI03asKaUCNlbhjDAv": "main-nowPlayingView-sectionHeaderText",
	"hfdkySA4kiUldFsPj9lD": "main-nowPlayingView-trackInfo",
	"BFR9Zt3zpL8BATBMiwQB": "main-nowPlayingWidget-coverArt",
	"bYHWD_eQ1jAh3sAKTHtr": "main-nowPlayingWidget-coverExpanded",
	"deomraqfhIAoSB3SgXpu": "main-nowPlayingWidget-nowPlaying",
	"j96cpCtZAIdqxcDrYHPI": "main-nowPlayingWidget-trackInfo",
	"fFv7yCuLuIO1dAGZHcVf": "main-pageErrorTemplate-errorBody",
	"npFSJSO1wsu3mEEGb5bh": "main-playbackBarRemainingTime-container",
	"kQqIrFPM5PjMWb5qUS56": "main-playbackBarRemainingTime-container",
	"f4XfIkH9v3tBTnI8AEDj": "main-playButton-lockIcon",
	"IeLnf2wUHVKqxhzBcBoM": "main-playButton-PlayButton",
	"PFgcCoJSWC3KjhZxHDYH": "main-playButton-PlayButton",
	"KOoUMuC7IxI_1Pi4r4m5": "main-playButton-primary",
	"VgweZbpfbMSfOcTeGNj_": "main-playButton-secondary",
	"D7HQ50jRBGU8qaAGHRTw": "main-playButton-transparent",
	"ke5Pf1zkbk0eGnRWZYyg": "main-playlistEditDetailsModal-albumCover",
	"CMQlNrl4E4TNHVowBoZ9": "main-playlistEditDetailsModal-characterCounter",
	"MQQEonum615k8mGkliT_": "main-playlistEditDetailsModal-closeBtn",
	"PiyAiXdQULEnWAHP0tu1": "main-playlistEditDetailsModal-container",
	"CU0wnmWejIvyEsRRtSac": "main-playlistEditDetailsModal-content",
	"_qRr3jb13hOiy1EvSL_r": "main-playlistEditDetailsModal-description",
	"lXzpMHpJSt7uRB1DXwen": "main-playlistEditDetailsModal-descriptionCharacterCounter",
	"c0CddR8wF7kDxvU6uM8B": "main-playlistEditDetailsModal-descriptionTextarea",
	"B_4ndHDFJnCj4dxQmvKA": "main-playlistEditDetailsModal-descriptionTextareaWithPadding",
	"g4NoSm4nlTuArQvfAaDa": "main-playlistEditDetailsModal-disclaimer",
	"R2w_sH83CJU9Yhnu0xyt": "main-playlistEditDetailsModal-header",
	"UxrKbK6rUr4vmo6SmCab": "main-playlistEditDetailsModal-imageChangeButton",
	"mtGn3ylACuEcnBDCuR2g": "main-playlistEditDetailsModal-imageDropDownButton",
	"i2x0uFyIEg3YN6njOngZ": "main-playlistEditDetailsModal-imageDropDownContainer",
	"St_O5qpuAv8_Rt8xLueG": "main-playlistEditDetailsModal-imageLoadingContainer",
	"_rBnbQXOUaS8hxF05Vvj": "main-playlistEditDetailsModal-insertLinkButton",
	"Up_Ke_BKTraatSMY_Po_": "main-playlistEditDetailsModal-save",
	"KHbA1pftwmeRxPgRj6XW": "main-playlistEditDetailsModal-sectionsContainer",
	"f0GjZQZc4c_bKpqdyKbq": "main-playlistEditDetailsModal-textElement",
	"UCj7uEr7vR_0DO3cQHcX": "main-playlistEditDetailsModal-textElementError",
	"JqI3LI5Df0M4YNOvUSCw": "main-playlistEditDetailsModal-textElementInfo",
	"rosHlzYfiO0UfpmOhP4I": "main-playlistEditDetailsModal-textElementLabel",
	"RLzMolC7kIdp65LyfQPb": "main-playlistEditDetailsModal-title",
	"qOBo9jzgJoMkt2Ad8fur": "main-playlistEditDetailsModal-titleCharacterCounter",
	"JaGLdeBa2UaUMBT44vqI": "main-playlistEditDetailsModal-titleInput",
	"SuHDp5IvWoCq1P8yJQmo": "main-playlistEditDetailsModal-titleInputWithPadding",
	"AytCc2WKUld6N212Pcpu": "main-playlistRemoveMultipleModal-buttonContainer",
	"J0xJcBaKhwl9EIuzvhLg": "main-playlistRemoveMultipleModal-container",
	"tlBLfMv0fCxd31jPTQhL": "main-playlistRemoveMultipleModal-description",
	"ce3qMCnc2kDVSi7k74fh": "main-playlistRemoveMultipleModal-title",
	"vnCew8qzJq3cVGlYFXRI": "main-playPauseButton-button",
	"QavgDs_52SpJ2rw0LNYz": "main-popper-arrow",
	"aCtCKL9BxAoHeVZS0uRs": "main-popper-container",
	"kMVnZekiwoVgg0Vjd418": "main-progressRing-circleColor",
	"PcjBXoPwLAnvPiTQx79g": "main-progressRing-circleShadow",
	"tP0mccyU1WAa7I9PevC1": "main-repeatButton-active",
	"Vz6yjzttS0YlLcwrkoUR": "main-repeatButton-button",
	"qnYVzttodnzg9WdrVQ1p": "main-rootlist-bottomSentinel",
	"xkHiFJhykpOWcVMMPufq": "main-rootlist-dropIndicator",
	"I_aApN9pSlbGcpLtFQWw": "main-rootlist-expandArrow",
	"NTJM_mh36C5kJ5oO8eac": "main-rootlist-expandArrowActive",
	"LKgm9fCDTO7wqig_5U1q": "main-rootlist-rootlist",
	"EY6S7vlkxB7SF_OjjF_Y": "main-rootlist-rootlistContent",
	"FBPrcmuqo3yv5UfWSRl5": "main-rootlist-rootlistDivider",
	"McwcCfBLSuXa5UDU1IMw": "main-rootlist-rootlistDividerContainer",
	"Y8edH1Yjo4xrW_58czQj": "main-rootlist-rootlistDividerGradient",
	"whXv9jYuEgS1DPTmPCe_": "main-rootlist-rootlistItem",
	"utSR0FVkHnII_aL8TOcu": "main-rootlist-rootlistItemLink",
	"K8Rs3qAYirS8wJ1hR8gn": "main-rootlist-rootlistItemLinkActive",
	"AINMAUImkAYJd4ertQxy": "main-rootlist-rootlistItemOverlay",
	"tojGvx6tcIBmKlICMJAZ": "main-rootlist-rootlistPlaylistsScrollNode",
	"g_jOSq3pLY5p4tldskrw": "main-rootlist-statusIcons",
	"gtuJjD43VjwtP8ii3H3P": "main-rootlist-statusIcons",
	"VjIb8SfYTkc4wMpqqj3f": "main-rootlist-textWrapper",
	"lyVkg68L7ycnwyOcO3vj": "main-rootlist-topSentinel",
	"JUa6JJNj7R_Y3i4P8YUX": "main-rootlist-wrapper",
	"rKdWluhLAGpdUFBWN8sK": "main-seeAll-link",
	"MRfNcNMd_djj3KOg_VOB": "main-seekBackButton-button",
	"XGCdw_LcXQHrxmvpxjwi": "main-seekForwardButton-button",
	"r4Qmv_YM7IHogP2i1tmJ": "main-shelf-browseGridSection",
	"q8AZzDc_1BumBHZg0tZb": "main-shelf-header",
	"HOgue4Eg4UdBR58M0633": "main-shelf-seeAll",
	"QyANtc_r7ff_tqrf5Bvc": "main-shelf-shelf",
	"Z4InHgCs2uhk0MU93y_a": "main-shelf-shelfGrid",
	"Sdmk6QLCvk5EuAP54IN5": "main-shelf-shelfGridResponsive",
	"PodseQtNc4pWHyOfGkgA": "main-shelf-shelfGridResponsiveMultiRows",
	"BtbiwMynlB4flsYu_hA2": "main-shelf-showAll",
	"WkSW1U6jr3HDz3vApM56": "main-shelf-skeletonShelf",
	"hWGxHSAKACFWXowXPDTP": "main-shelf-subHeader",
	"MfVrtIzQJ7iZXfRWg6eM": "main-shelf-title",
	"onVWL7MW4PW9FyVajBAc": "main-shelf-titleWrapper",
	"OMuRYOdpUbGif12_lRJl": "main-shelf-topRow",
	"OF_3F0SQCsBtL1jSTlTA": "main-shuffleButton-active",
	"KVKoQ3u4JpKTvSSFtd6J": "main-shuffleButton-button",
	"fn72ari9aEmKo4JcwteT": "main-skipBackButton-button",
	"mnipjT4SLDMgwiDCEnRC": "main-skipForwardButton-button",
	"d89qxCxbCRj4y1Woft8j": "main-smartShuffleButton-active",
	"kpGMQq1KFz620g_BD_dS": "main-tag-container",
	"T1xI1RTSFU7Wu94UuvE6": "main-topBar-background",
	"IAyWaeDamLJLjxuPeVKw": "main-topBar-buddyFeed",
	"WtC1lGbmQRplD6JBhNFU": "main-topBar-buddyFeed",
	"W0bXxvPV_DhyzwdJWRuU": "main-topBar-buddyFeedActive",
	"CE17OcVsW2svuK7ebBcx": "main-topBar-buddyFeedIcon",
	"ql0zZd7giPXSnPg75NR0": "main-topBar-button",
	"J6VTd7VdGN2PM_oXCAyH": "main-topBar-button",
	"qvXMfQh1CjESoKKX49Bl": "main-topBar-buttonActive",
	"facDIsOQo9q7kiWc4jSg": "main-topBar-container",
	"MIX_wd0K1tVHme_pwV2F": "main-topBar-contentArea",
	"BkpKedcdaMGbvgXMlmcg": "main-topBar-contentArea",
	"OOsg_GCQDERDXc1d0EmC": "main-topBar-entryPoints",
	"pfMoD1MbelMuF1m8QeMc": "main-topBar-forward",
	"Oq5wiHCwgjjMg_VYy068": "main-topBar-fullscreenHistoryButtons",
	"VgSbatGBB9XwTH2_dsxg": "main-topBar-historyButtons",
	"fWwn9sakqBBjgiNti7LD": "main-topBar-historyButtons",
	"IYDlXmBmmUKHveMzIPCF": "main-topBar-icon",
	"ou0osOf3R1ZRWQ1xzFd9": "main-topBar-icon",
	"cqO5c3gPyN6tXIddpWfr": "main-topBar-left",
	"qxbaGYC8rgMLfyOuYRCM": "main-topBar-loggedOut",
	"LKFFk88SIRC9QKKUWR5u": "main-topBar-loginButtons",
	"zuf9gCpkf86KkzzCtkJN": "main-topBar-navLink",
	"EvIR4O7jOSbNmxtMdIQ0": "main-topBar-overlay",
	"CWFTCu03cdDALodezHmA": "main-topBar-responsiveForward",
	"fl1Ov5aB9YCKnMkJYpEu": "main-topBar-right",
	"VGKBvschhennrwdTibUE": "main-topBar-rightSidebarVisible",
	"g3Xinb8x23n81ejvS9Uj": "main-topBar-searchBar",
	"CVuGEUIxLkNKpMds8AFS": "main-topBar-searchBar",
	"btOYheZlYlaVEyO9iEBk": "main-topBar-sectionWrapper",
	"sibxBMlr_oxWTfBrEz2G": "main-topBar-signupButton",
	"eBrbJuUWgMoCkOgWs5uw": "main-topBar-topBarContainer",
	"qHWqOt_TYlFxiF0Dm2fD": "main-topBar-topbarContent",
	"rwdnt1SmeRC_lhLVfIzg": "main-topBar-topbarContentRight",
	"rovbQsmAS_mwvpKHaVhQ": "main-topBar-topbarContentWrapper",
	"sNde2kloCY28V4GB9AvP": "main-topBar-topNavBarLinks",
	"k0vXhOdr0XE83lAQaJ1O": "main-topBar-topNavBarSeparator",
	"Upqw01TOXETOmR5Td7Dj": "main-topBar-UpgradeButton",
	"rqZoelG5u2vHb3kedEph": "main-topBar-UpgradeButton",
	"I4p8r1UNjIGk9yv3H2Ms": "main-topBar-whatsNewFeed",
	"t794tYAiOJib_IAmmdqq": "main-topBar-whatsNewFeedActive",
	"t93PZphItuM19kPhX7tC": "main-topBar-whatsNewFeedIcon",
	"RJGA3d0jzObTXwoMUH4p": "main-topBar-whatsNewFeedNotification",
	"kwTbLplLLsW6T_LrtR7_": "main-topBar-whatsNewFeedNotificationDot",
	"dmF7or26BvPJs5kQtYVH": "main-topBar-whatsNewFeedNotificationTitle",
	"coBkWVskipFo8KxLKief": "main-topBar-withBackgroundBlur",
	"g_OLJCea3ISA_OEZXMld": "main-topBarStatusIndicator-enter",
	"eUtkhxZmvSKe4G9vJbvG": "main-topBarStatusIndicator-enterActive",
	"y0CwI5JkA0h0OyLFf53Q": "main-topBarStatusIndicator-exitActive",
	"uObDRTsYYQmLhK7QzuFF": "main-topBarStatusIndicator-hasTooltip",
	"JbIx9RVHwxVXRbXAJaeN": "main-topBarStatusIndicator-notMinimized",
	"FannkPV_e2vWawF9QgVA": "main-topBarStatusIndicator-tooltipEnter",
	"CtNz_OQHOZ5Z0mJMHjzw": "main-topBarStatusIndicator-tooltipEnterActive",
	"rSvmoStBWe2Cft5bw9ya": "main-topBarStatusIndicator-tooltipIsError",
	"Y22srYwXssaWnfD1MXis": "main-topBarStatusIndicator-TopBarStatusIndicatorContainer",
	"mqZLFQb6fadgKQww5AFV": "main-trackCreditsModal-additionalCredits",
	"xd9f6OsPqmyb6CefhTRR": "main-trackCreditsModal-clickableCreditsEntry",
	"VKCcyYujazVPj6VkksPM": "main-trackCreditsModal-closeBtn",
	"uV8q95GGAb2VDtL3gpYa": "main-trackCreditsModal-container",
	"IpshWHA6nc9nJxRssAlb": "main-trackCreditsModal-creditsEntry",
	"beyOcd3p0PEzhrlKIbU1": "main-trackCreditsModal-creditsGroup",
	"pGU_qEtNT1qWKjrRbvan": "main-trackCreditsModal-header",
	"Nw1INlIyra3LT1JjvoqH": "main-trackCreditsModal-mainSection",
	"iGT1RlMPCwUlIiRPbOqg": "main-trackCreditsModal-originalCredits",
	"bpaf11XBuMN_hd95L9ol": "main-trackCreditsModal-sectionTitle",
	"DAIH23Yj6NeioZ6jooQ6": "main-trackCreditsModal-sourceNames",
	"gpNta6i8q3KYJC6WBZQC": "main-trackInfo-artists",
	"w_TTPh4y9H1YD6UrTMHa": "main-trackInfo-artists",
	"ZcNcu7WZgOAz_Mkcoff3": "main-trackInfo-container",
	"iZrIHsls0lCEhoMDA9kc": "main-trackInfo-container",
	"W5cB_o0XkkU7Q8tlTGxq": "main-trackInfo-contentContainer",
	"PGSe59fD1Hwc9yUM2d3U": "main-trackInfo-contentWrapper",
	"s1jyNJBxq16eqkqCf6Ax": "main-trackInfo-enhanced",
	"p2ya1fQ3o9pY4alcW0o4": "main-trackInfo-enhanced",
	"y6bXimbi8JAcblOFxTap": "main-trackInfo-equalGradientWidth",
	"Q_174taY6n64ZGC3GsKj": "main-trackInfo-name",
	"PcH6VnzkkDqD36P93i9Q": "main-trackInfo-name",
	"eSMjmiD29Ox35O95waw6": "main-trackInfo-overlay",
	"aMhBfOqJxn4jKzFN07Lg": "main-trackInfo-rightToLeft",
	"Ty1q4GZz5EJ7Yl2jHs5I": "main-trackInfo-xsmallBadges",
	"MrkH0O1OzmNv_oCQdvI8": "main-trackInfo-xsmallBadges",
	"Ry7zokVNFKXaDxKp1Qf1": "main-trackList-actionsHeader",
	"iSbqnFdjb1SuyJ3uWydl": "main-trackList-active",
	"ZgAJecvDDVREPXktThbA": "main-trackList-active",
	"eWNJl03RSvGa9VsxkJ_7": "main-trackList-addedBy",
	"zxSdNpIMNoVh8g3F9fqt": "main-trackList-arrow",
	"wE9dp6W8uInhrlbWPMsR": "main-trackList-chartTrackList",
	"ASYv4mEu1lXEHVa04HqY": "main-trackList-column",
	"rGujAXjCLKEd_N6yTwds": "main-trackList-column",
	"r53kBgGOdrCYj2Jux0iN": "main-trackList-columnResizing",
	"Wn5NpEuR1Qw99DelnfxX": "main-trackList-concertTrackList",
	"KJeaWI3jCZemsmu4eYL3": "main-trackList-curationButton",
	"otqy2yIt_BVXLjoundpp": "main-trackList-curationButton",
	"SzsIJoBzlexhelPsHXnn": "main-trackList-delayedVisibility",
	"Ar1CZ7qjPHuIJY0cI56W": "main-trackList-disabled",
	"UuAaE00MS64uibJyxXxK": "main-trackList-discRow",
	"xmIMj8Eo8ZixOkuRQWd3": "main-trackList-discTitle",
	"WTbn2dLWM9fMMb3O4uKZ": "main-trackList-dropTargetAfter",
	"xhgesf8qPsbyZY2NaYdH": "main-trackList-dropTargetBefore",
	"AgiCqnZUliKs_dafpdyi": "main-trackList-durationHeader",
	"kxxyFjKz2levImEvxq48": "main-trackList-durationHeader",
	"m6Bvw7PNXw2WXqruLOLE": "main-trackList-enhanced",
	"vr04lRmH66LzICUXnwCq": "main-trackList-eventDate",
	"OINF2mTM4cu2JjtkmPiz": "main-trackList-eventTicketIcon",
	"vL_PgycspyjCBwfFg9j9": "main-trackList-eventVenue",
	"dZiDwJihz32GwQunXhnB": "main-trackList-facepile",
	"uWYVhrrTnV2V_VYhThDl": "main-trackList-facepileAvatar",
	"FCzIz5e0Lpt4xa5zz2F1": "main-trackList-icon",
	"xEtoX9iOYS58uDtKLmzR": "main-trackList-icon",
	"vBFTtFW3Co9F_yJ_HjF4": "main-trackList-icon",
	"Ss6hr6HYpN4wjHJ9GHmi": "main-trackList-indexable",
	"oYS_3GP9pvVjqbFlh9tq": "main-trackList-indexable",
	"Kb365Ykr7fUEvnvOH0vl": "main-trackList-isNextRowSelected",
	"dXWJ1DecZeg_dpXZUbHL": "main-trackList-isPreviousRowSelected",
	"vDk3w0iWhhczk8PS_K3B": "main-trackList-isRecommendedTrackListRow",
	"jDgf8MzZRbApYE6BW1qL": "main-trackList-isRecommendedTrackListRow",
	"HOP1JqKm27djuzPVbaRl": "main-trackList-nineteen",
	"w304euOUWkI5A8qAqFj8": "main-trackList-notificationDot",
	"VrRwdIZO0sRX1lsWxJBe": "main-trackList-number",
	"xNyTkXEncSjszLNI65Nq": "main-trackList-number",
	"nEZjuVeUuGSmYaQWgXTd": "main-trackList-ownedBySelf",
	"z0zJ798TVq97lZgdRT2_": "main-trackList-ownedBySelf",
	"Iy7vi9cVsy6pS6wF8Dud": "main-trackList-placeholder",
	"Dj9_CzXA7IbUFIz4wOsA": "main-trackList-placeholderEnd",
	"cF8vKdBGYRZs_SpaG0Yz": "main-trackList-placeholderIndex",
	"J0lnyV5H9q4Jj7FK0A72": "main-trackList-placeholderStart",
	"BciIfT5b6BSIPIr6feK4": "main-trackList-placeholderStartWithCoverImage",
	"noANc1fQSmaQNKYVDEDQ": "main-trackList-placeholderVariable",
	"n5XwsUqagSoVk8oMiw1x": "main-trackList-playingIcon",
	"DZJJ5SCypi2mREbjy5bx": "main-trackList-playingIcon",
	"TYVy_QqiFWgzw0WkUiHb": "main-trackList-playsHeader",
	"s6jK2TtsvpysB_LjjS7g": "main-trackList-playsHeader",
	"B2Dwok3Y07k2ttjGDssH": "main-trackList-queuePanelTracklist",
	"Bob5Qz4qd2ApsH6o1loA": "main-trackList-resizeHandle",
	"sQcIERaiZKFhOM1LrSmX": "main-trackList-rowBadges",
	"_7_yPy5jfb9kzk3gijq6A": "main-trackList-rowBadges",
	"UeRAfdSphrPaohh2HWmB": "main-trackList-rowCompactMode",
	"N7GZp8IuWPJvCPz_7dOg": "main-trackList-rowCompactMode",
	"Btg2qHSuepFGBG6X0yEN": "main-trackList-rowDuration",
	"l5CmSxiQaap8rWOOpEpk": "main-trackList-rowDuration",
	"bnolo3jJ8KBxI6jyN7bD": "main-trackList-rowFeedback",
	"U_mTGq4vzVyOrPrB3mx4": "main-trackList-rowFeedbackButton",
	"tGKwoPuvNBNK3TzCS5OH": "main-trackList-rowHeartButton",
	"GcODM2Bp3srQqJzi8Tzs": "main-trackList-rowHeartButton",
	"rkw8BWQi3miXqtlJhKg0": "main-trackList-rowImage",
	"IqDKYprOtD_EJR1WClPv": "main-trackList-rowImage",
	"EfStVlHpnUDOJF3pM93I": "main-trackList-rowImageFallback",
	"tgCyNnKttOMQXfuqVuhI": "main-trackList-rowImageFallback",
	"RfidWIoz8FON2WhFoItU": "main-trackList-rowImagePlayButton",
	"j2s64Lz8y6VzBLB_V9Gm": "main-trackList-rowImagePlayButton",
	"Qs11Fsr_XqTVFDFWWRkQ": "main-trackList-rowImagePlayPauseButton",
	"OXMPsUBpIQoIbOPIv7Bh": "main-trackList-rowImagePlayPauseButton",
	"DoIH4Mjt4sJFHkmAGs03": "main-trackList-rowImagePlayPauseButtonPlaying",
	"cxYjUh_DjUkRijOXGrOT": "main-trackList-rowImageVideo",
	"byLkljnIRd_DJeSMD3LM": "main-trackList-rowImageWithPlay",
	"gmuBAqsC6pcufUyP1VQW": "main-trackList-rowImageWithPlay",
	"iCQtmPqY0QvkumAOuCjr": "main-trackList-rowMainContent",
	"_iQpvk1c9OgRAc8KRTlH": "main-trackList-rowMainContent",
	"gQnx5tArze5q1wfG6AWJ": "main-trackList-rowMainContentCompact",
	"ft6dUifK4i03829TBAqC": "main-trackList-rowMainContentCompact",
	"VpYFchIiPg3tPhBGyynT": "main-trackList-rowMarker",
	"ucB9avGYvzsmzXUOw0S7": "main-trackList-rowMarker",
	"JxZLQbpnH3fFGJHB4XQG": "main-trackList-rowMarkerChartStatus",
	"t4yFt9Ch_ZCPxEEEoImE": "main-trackList-rowMarkerChartStatus",
	"mYN_ST1TsDdC6q1k1_xs": "main-trackList-rowMoreButton",
	"ObVor_8sQq5whKbtWs8a": "main-trackList-rowMoreButton",
	"nYg_xsOVmrVE_8qk1GCW": "main-trackList-rowPlayCount",
	"HxDMwNr5oCxTOyqt85gi": "main-trackList-rowPlayCount",
	"UIBT7E6ZYMcSDl1KL62g": "main-trackList-rowPlayPauseIcon",
	"zOsKPnD_9x3KJqQCSmAq": "main-trackList-rowPlayPauseIcon",
	"HcMOFLaukKJdK5LfdHh0": "main-trackList-rowSectionEnd",
	"PAqIqZXvse_3h6sDVxU0": "main-trackList-rowSectionEnd",
	"NZAU7CsuZsMeMQB8zYUu": "main-trackList-rowSectionIndex",
	"fS0C4IgbHviZxIVGC736": "main-trackList-rowSectionIndex",
	"gvLrgQXBFVW6m9MscfFA": "main-trackList-rowSectionStart",
	"w46g_LQVSLE9xK399VYf": "main-trackList-rowSectionStart",
	"bfQ2S9bMXr_kJjqEfcwA": "main-trackList-rowSectionVariable",
	"_TH6YAXEzJtzSxhkGSqu": "main-trackList-rowSectionVariable",
	"rq2VQ5mb9SDAFWbBIUIn": "main-trackList-rowSubTitle",
	"t_yrXoUO3qGsJS4Y6iXX": "main-trackList-rowTitle",
	"btE2c3IKaOXZ4VNAb8WQ": "main-trackList-rowTitle",
	"eRuZMo_HNLjb1IalIeRb": "main-trackList-selected",
	"JgERXNoqNav5zOHiZGfG": "main-trackList-selected",
	"FCqh1RprhBCx2nZeC2Xi": "main-trackList-showDisabledAsEnabled",
	"ZdBognHQ3X610bLWE3e3": "main-trackList-sortable",
	"Bh8ehD8at2hrINB7YMOg": "main-trackList-sortable",
	"vY_4na7XFQWMFH8phXCQ": "main-trackList-statusChangeDown",
	"NJMsWXHYQgISlxnPODAD": "main-trackList-statusChangeDown",
	"YAINlTb90ZejTPv7k1dH": "main-trackList-statusChangeNew",
	"OqarR9DPk9OgwzSAwR05": "main-trackList-statusChangeNew",
	"zbBdn49lgTKVccLVZBqE": "main-trackList-statusChangeUp",
	"VrcWCORvyjWWMoz4Mbpd": "main-trackList-statusChangeUp",
	"_3IwXr7oR_KZlfPfwMh7": "main-trackList-talkIcon",
	"y8YIxGr73OXUGacKKsWb": "main-trackList-talkSegmentDuration",
	"jsV182e49Puwz9SIYt2J": "main-trackList-text",
	"ShMHCGsT93epRGdxJp2w": "main-trackList-trackList",
	"oIeuP60w1eYpFaXESRSg": "main-trackList-trackList",
	"ixZyJJ3SHxsSb3NHkhWn": "main-trackList-trackListCompactMode",
	"iHiqmESWdGRBwk5cS7ZZ": "main-trackList-trackListCompactMode",
	"koyeY6AgGRPmyPITi7yO": "main-trackList-trackListHeader",
	"IpXjqI9ouS_N5zi0WM88": "main-trackList-trackListHeader",
	"dZPmmYYhskhqHJCAruvI": "main-trackList-trackListHeaderRow",
	"ePPpO_NuGDUxVRTw7y6W": "main-trackList-trackListHeaderRow",
	"qJOhHoRcFhHJpEQ2CwFT": "main-trackList-trackListHeaderStuck",
	"_2ajKWDiy6YvJu5wo8I1g": "main-trackList-trackListHeaderStuck",
	"h4HgbO_Uu1JYg5UGANeQ": "main-trackList-trackListRow",
	"IjYxRc5luMiDPhKhZVUH": "main-trackList-trackListRow",
	"wTUruPetkKdWAR1dd6w4": "main-trackList-trackListRowGrid",
	"UpiE7J6vPrJIa59qxts4": "main-trackList-trackListRowGrid",
	"vOp2HlcPkxOHebo3If32": "main-useDropTarget-album",
	"O0AN8Ty_Cxd4iLwyKATB": "main-useDropTarget-album",
	"VNdHKKznHkpJ0VHoDmai": "main-useDropTarget-artist",
	"wQnUXn1m6Gy4PH8jhslb": "main-useDropTarget-artist",
	"zWWLnqWslTLHwq3wBgGB": "main-useDropTarget-audiobook",
	"ufICQKJq0XJE5iiIsZfj": "main-useDropTarget-base",
	"NxEINIJHGytq4gF1r2N1": "main-useDropTarget-base",
	"ETclQEbcAcQdGdSioHaJ": "main-useDropTarget-episode",
	"XNjgtSbyhshr7YQcVvry": "main-useDropTarget-episode",
	"cuH8l_VHkTiz_NYVslQe": "main-useDropTarget-folder",
	"mhuhir0ikRqXAPHU8ZZ1": "main-useDropTarget-folder",
	"aRyoyQFJkzhoSOnf2ERM": "main-useDropTarget-local",
	"odS2IW9wfNVHhkhc0l_X": "main-useDropTarget-local",
	"kXEKypZEUzxx9rNJy09C": "main-useDropTarget-playlist",
	"D8wJ9TPfJzLeLJYxnad2": "main-useDropTarget-playlist",
	"eZnAGhYcXE4Bt0a7958z": "main-useDropTarget-playlistV2",
	"pTvxY5yAQklZgb7VZFGS": "main-useDropTarget-pseudoPlaylist",
	"ratGUXdpLCkyXZNaJryg": "main-useDropTarget-show",
	"oE8LAmRhbeQqsZrQo4lb": "main-useDropTarget-show",
	"caTDfb6Oj7a5_8jBLUSo": "main-useDropTarget-track",
	"or84FBarW2zQhXfB9VFb": "main-useDropTarget-track",
	"atsRVFhRDxRbOyXyFZjS": "main-userWidget-active",
	"odcjv30UQnjaTv4sylc0": "main-userWidget-box",
	"KAq2kDjXj2VS4eXrFL4i": "main-userWidget-box",
	"Fxnb0xe6bL7I7W8V0p6C": "main-userWidget-boxCondensed",
	"SFgYidQmrqrFEVh65Zrg": "main-userWidget-boxCondensed",
	"eAXFT6yvz37fvS1lmt6k": "main-userWidget-chevron",
	"EeWTFG_vxLI5QJc1TH4F": "main-userWidget-displayName",
	"ERyo7m5f00o7ToFdGMCD": "main-userWidget-dropDownMenu",
	"pEG0W4wkbkrOYURhz82H": "main-userWidget-hasAvatar",
	"PrOCaGCRoGw7XaycfkTl": "main-userWidget-notificationDot",
	"EIrPk5CxH5DyLgcOY_yx": "main-userWidget-notificationIndicator",
	"y5mR1se0HqD3uewF5Eb6": "main-userWidget-screenReaderOnly",
	"YqPjzOfhtzbCf_QD3P1f": "main-userWidget-setupPlan",
	"RfdRTSGwulyQdDepLUTT": "main-userWidget-showDisplayName",
	"VdLuku6YQT4tNLT6ojlD": "main-userWidget-unableToUpdate",
	"kzlksKUC9aLBM62Bckxo": "main-whatsNewFeed-actions",
	"bcU463yG4LHEtlBCOa8Q": "main-whatsNewFeed-buttonAlwaysVisible",
	"n5y3jDsz8siC0JsxtS83": "main-whatsNewFeed-buttonVisibleOnHover",
	"h8Dik_naJfcSoNM_4FKX": "main-whatsNewFeed-content",
	"lgo_zhUnwxG2Qan4WLBY": "main-whatsNewFeed-dateAndTime",
	"CONFZNJkrMwpneVuYWXC": "main-whatsNewFeed-description",
	"eyWbmr17oov600GluVsy": "main-whatsNewFeed-divider",
	"Z1qkHjt67N3DaWqnEM0w": "main-whatsNewFeed-imageContainer",
	"j45TgktnaHqgEqeO3eXI": "main-whatsNewFeed-largeImage",
	"pNM_LHG1Yp9WV_mBN6du": "main-whatsNewFeed-list",
	"nQTI7556vneVslJT_fJv": "main-whatsNewFeed-listContent",
	"BQD_pE0Nva_z6z7CvZww": "main-whatsNewFeed-listEpisodeBody",
	"ymzFgL9iToSvtRvCWY3b": "main-whatsNewFeed-listExplicitIcon",
	"TTFwcgaxN1VxbkjC80_Z": "main-whatsNewFeed-listFallbackIcon",
	"nHEYUQKiBurmQ7SD4uzF": "main-whatsNewFeed-listFooter",
	"LLxSqFbzfI5SPTK_22ZU": "main-whatsNewFeed-listHeader",
	"GBycF4NUOkA5ZUHneLYa": "main-whatsNewFeed-listImageWrapper",
	"LXfpmhx6aZ9YVV8x4PEI": "main-whatsNewFeed-listPlayButton",
	"MCctbQkmLVbJyz3NSbq2": "main-whatsNewFeed-listRow",
	"_MBf1tVqzfo2AefcuHwv": "main-whatsNewFeed-listRow",
	"ThG4UqWk7ASXCMm69Opn": "main-whatsNewFeed-listSubtitleLink",
	"zKLP_l7gmiomI7kW3BMw": "main-whatsNewFeed-listTimeAgo",
	"uuqowKOQLu0zbk4zguPM": "main-whatsNewFeed-medium",
	"Z3LszrbA1M2fpLsEhlQT": "main-whatsNewFeed-progressBar",
	"uSj66OUSURBfFwFhD7Ed": "main-whatsNewFeed-separator",
	"sQnWbTOGnPZBNn3lZTtI": "main-whatsNewFeed-separatorAlbum",
	"nzZgeVfx1Y6nZe7Z9DsA": "main-whatsNewFeed-showImage",
	"oezNMICqWdJHdR3QV9La": "main-yourEpisodes-coverContainer",
	"ioDnN5QkrvTdd8oOrl2h": "main-yourEpisodes-coverIcon",
	"U_iGRN8gxm_rKG_w2EzR": "main-yourEpisodes-yourEpisodesCard",
	"vCaNVEuqazhZFQNcVHZj": "main-yourEpisodesButton-yourEpisodesIcon",
	"OMCDc2F7g_AufJAtaKfL": "main-yourLibraryX-button",
	"cljOO1tpzixzXctKJucK": "main-yourLibraryX-button",
	"prGqQr33U0mG14TJ5V8a": "main-yourLibraryX-collapseButton",
	"FTiXRW7kAldHmLaxVQ2N": "main-yourLibraryX-collapseButton",
	"BhKGkKPprp2wm9bvfRKG": "main-yourLibraryX-collapseButtonIsCollapsed",
	"RAWO6AczuDMOTI0qAc0a": "main-yourLibraryX-collapseButtonWrapper",
	"i_FRcsaqNCEJmoyObIP0": "main-yourLibraryX-collapseButtonWrapper",
	"ksmcxhImUuj3_s1lcIm0": "main-yourLibraryX-createButton",
	"EZFyDnuQnx5hw78phLqP": "main-yourLibraryX-entryPoints",
	"lHJd4oSttKLxkxuoZ0Lr": "main-yourLibraryX-entryPoints",
	"wBsWS202aGdsul2kEGUf": "main-yourLibraryX-filterArea",
	"paiZmlAHHhmZonuGJRAr": "main-yourLibraryX-filterArea",
	"MLbFLVC33caOj3FgSQMC": "main-yourLibraryX-filters",
	"msaOP0MYt3paJGpbdeJs": "main-yourLibraryX-filters",
	"UvXqRORKQr_N3jlgGTcS": "main-yourLibraryX-header",
	"HjPqU_UW2egr14mRSom9": "main-yourLibraryX-header",
	"j8iKBDzqTDtnDv4XbmrK": "main-yourLibraryX-headerContent",
	"tAfozCQs48q1JYdphYXi": "main-yourLibraryX-headerContent",
	"O2Vp_sNHMLHUcgMPVnOA": "main-yourLibraryX-headerIsCollapsed",
	"TxO7Ee8iwqBpkgznKHsd": "main-yourLibraryX-iconOnly",
	"TiJahFhH6KZaibhRtEOA": "main-yourLibraryX-isFlattened",
	"y2UicQnlTq148rL8Y0jp": "main-yourLibraryX-isScrolled",
	"hjb8tUL3rpUa0ez4ZtAj": "main-yourLibraryX-library",
	"wM72343CksOCaL3bZvKK": "main-yourLibraryX-library",
	"g581mszC8syz99uMMWsr": "main-yourLibraryX-libraryAfterDrop",
	"tXkgloQ88DHF_inQE69J": "main-yourLibraryX-libraryBeforeDrop",
	"PpUTJL2NIYDUnmfzVIbE": "main-yourLibraryX-libraryContainer",
	"hgJel0bLlS_1Uf0EIfSA": "main-yourLibraryX-libraryContainer",
	"_0FuodatXU4_fToYAuYtY": "main-yourLibraryX-libraryFilter",
	"uBqliBvyhxGsiql8_OJv": "main-yourLibraryX-libraryFilter",
	"dNphEfQzPRaQufS04jUm": "main-yourLibraryX-libraryIsCollapsed",
	"kJ_Q4aphh_uCJCZdzPpD": "main-yourLibraryX-libraryIsExpanded",
	"_XBlEstA77PgWTJzWbe1": "main-yourLibraryX-libraryItem",
	"_K79lE9KrIAkl_bUSSUM": "main-yourLibraryX-libraryItemContainer",
	"WxM1eb7qnneSkMiT4dvw": "main-yourLibraryX-libraryItemContainer",
	"oLOECYtBhVmBtyisKwew": "main-yourLibraryX-libraryOnDrop",
	"ifVI2CEdOZGgMWIUN2Cw": "main-yourLibraryX-libraryRootlist",
	"_W_0W9Uld1vxrRfsgdQR": "main-yourLibraryX-libraryRootlist",
	"RGofdOZulhL2p9MRA5hg": "main-yourLibraryX-librarySort",
	"XZRX_ea9eNn4rOLpNGLp": "main-yourLibraryX-librarySortWrapper",
	"GG5skerNjHXAO6tXyyY0": "main-yourLibraryX-librarySortWrapper",
	"qEiVyQ28VnOKb0LeijqL": "main-yourLibraryX-listItem",
	"vSC5QuwmzUhqUNWdMTJ5": "main-yourLibraryX-listItem",
	"ojrThQm1wxR2gZ6GntJB": "main-yourLibraryX-listItemGroup",
	"Dtr130mQSR0j8k7bu5KS": "main-yourLibraryX-listItemGroupCompact",
	"nZSNG58XEPTX69mkNi9n": "main-yourLibraryX-listRowEntityImage",
	"G7aCptcOZswI1fN6dGkO": "main-yourLibraryX-listRowIcon",
	"o_wMyH9_LbAmIwlVqsF0": "main-yourLibraryX-listRowIconWrapper",
	"d33vqKRxohS9RxzCic1D": "main-yourLibraryX-listRowLink",
	"LSrBzBljgLeDhcm3Soye": "main-yourLibraryX-listRowSubtitle",
	"HdTF8gsRm5MgWvEYlokG": "main-yourLibraryX-listRowSubtitleLeadingWrapper",
	"gj1L_SVM_H8GteWMdEF_": "main-yourLibraryX-listRowTitleLink",
	"LU0q0itTx2613uiATSig": "main-yourLibraryX-navItem",
	"KAcp7QFuEYSouAsuC5i_": "main-yourLibraryX-navItem",
	"AlqlOMBoMUPbFmLmkhhg": "main-yourLibraryX-navItemOffline",
	"fFvRIGtMIgsOLVSq_JNS": "main-yourLibraryX-navItems",
	"QuHe04rU4bj0Z5U9E2Tk": "main-yourLibraryX-navItems",
	"UYeKN11KAw61rZoyjcgZ": "main-yourLibraryX-navLink",
	"hNvCMxbfz7HwgzLjt3IZ": "main-yourLibraryX-navLink",
	"DzWw3g4E_66wu9ktqn36": "main-yourLibraryX-navLinkActive",
	"Bh3b80dIrbc0keQ9kdso": "main-yourLibraryX-navLinkActive",
	"ep0_ry7CLwf91E1rN6Cv": "main-yourLibraryX-pulse",
	"B_HdWVSEWPHaOf9LQAtC": "main-yourLibraryX-rowCover",
	"Gw7E7MkWci1ttQhb4EK0": "npv-exitFullScreenButton-button",
	"gIobRDHAxkAvUaF4_OOL": "npv-nowPlayingBar-center",
	"tr1hDrJgoPSbMXlXU_sl": "npv-nowPlayingBar-container",
	"mbUrqWP55sK6zhspiR72": "npv-nowPlayingBar-controls",
	"N5cWYDvyLrfnyMZuqQHo": "npv-nowPlayingBar-left",
	"FTi9QEhetf4Q4__5sb4S": "npv-nowPlayingBar-right",
	"SVGHXIQcH9HYU7uGITw5": "npv-nowPlayingBar-section",
	"pn5V0OzovI9p6b8nWq8p": "playback-bar",
	"IPbBrI6yF4zhaizFmrg6": "playback-bar__progress-time-elapsed",
	"B1vgcMXBqOxgMxXh5j1f": "playback-progressbar-container",
	"p1ULRzPc4bD8eQ4T_wyp": "playback-progressbar",
	"DFtdzavKSbEhwKYkPTa6": "playback-progressbar-isInteractive",
	"gItY2hnfCB4TsDJCkPiO": "player-controls",
	"XrZ1iHVHAPMya3jkB2sa": "player-controls__buttons",
	"NKUrT1GciYXAEEUtagN1": "player-controls__left",
	"Qt226Z4rBQs53aedRQBQ": "player-controls__right",
	"JzyZE2R09wq7xtjECDeR": "playlist-inlineSearchBox-clearButton",
	"FeWwGSRANj36qpOBoxdx": "playlist-inlineSearchBox-filterInput",
	"YAYCVnYpPvmYV4JyTmn5": "playlist-inlineSearchBox-filterInputContainer",
	"_h5mio6VqcL_fmiXAb1S": "playlist-inlineSearchBox-overlay",
	"sgZ_MgcS1NlccH19fYsa": "playlist-inlineSearchBox-searchIcon",
	"Hfgj4Zbb2ijt8g54MlCA": "playlist-inlineSearchBox-searchIconContainer",
	"rARdlCShKVQsvuXamFOX": "playlist-playlist-artistResultListTitle",
	"a4FkPOXWBc0nK4yzsJCf": "playlist-playlist-concertsFooter",
	"IWWS0F3oiajJG7nlrjXj": "playlist-playlist-ctaLink",
	"mWbx87vgssexrOs2tx4I": "playlist-playlist-disclaimerContainer",
	"_Z2TnFjt8GB5ryOtvyti": "playlist-playlist-emptySearchTermContainer",
	"Bl_kg24BjWgcXPokgEKy": "playlist-playlist-emptyStateContainer",
	"yP3JLuwUNDIQHxRFilK3": "playlist-playlist-header",
	"QD13ZfPiO5otS0PU89wG": "playlist-playlist-heading",
	"tzeKawjOOKFw1KfQ34mG": "playlist-playlist-icon",
	"KzOZOlCPgREEBCJH1Ieg": "playlist-playlist-leadingSlot",
	"ZbLneLRe2x_OBOYZMX3M": "playlist-playlist-list",
	"rjdQaIDkSgcGmxkdI2vU": "playlist-playlist-listItem",
	"u9KYiVXeDRQDGlTDH6rM": "playlist-playlist-noBooklistSupportContainer",
	"umouqjSkMUbvF4I_Xz6r": "playlist-playlist-paragraph",
	"dZ3U5sTGUTdanNamXe1z": "playlist-playlist-playlist",
	"rezqw3Q4OEPB1m4rmwfw": "playlist-playlist-playlistContent",
	"xgmjVLxjqfcXK5BV_XyN": "playlist-playlist-playlistDescription",
	"fUYMR7LuRXv0KJWFvRZA": "playlist-playlist-playlistDescription",
	"oq1ci28WPaRsWkvRiB_J": "playlist-playlist-playlistImageContainer",
	"hVcUafGrnsA6nD1dJzc5": "playlist-playlist-playlistInlineCurationBackButton",
	"FC40AOSbVM9LXjVi7bjO": "playlist-playlist-playlistInlineCurationCloseButton",
	"Ykd_JWqkR9gSLHISDBwP": "playlist-playlist-playlistInlineCurationSection",
	"SMJIXlalPk_TESlyt2pC": "playlist-playlist-playlistInlineCurationTitle",
	"g9xHCCSXDR8S5NvTbfwL": "playlist-playlist-playlistInlineCurationWrapper",
	"pbkk9BuHlY36lmWvEmbg": "playlist-playlist-promoImage",
	"DWkbhLMcDefEZwJ5jXCq": "playlist-playlist-promoRow",
	"byOUxNEoiJOtBN6xTY24": "playlist-playlist-promoTitle",
	"kwe0I8sSNMv3gYBjkRYP": "playlist-playlist-recommendedTrackList",
	"QmGi2oa43BTcEZ5MCr9T": "playlist-playlist-refreshButton",
	"KodyK77Gzjb8NqPGpcgw": "playlist-playlist-searchBoxContainer",
	"sAPXlA_oxu_8x1Cn0NTC": "playlist-playlist-searchResultListContainer",
	"STDuzt77yRCueC4Ohenl": "playlist-playlist-seeMore",
	"NCKSUYdZaTMrobq8ilkc": "playlist-playlist-subtitle",
	"PZkwbwJD1afoCmJkGt8w": "playlist-playlist-top",
	"jpVuvMOCbpaRr_6FLf3W": "playlist-playlist-whiteOpacity",
	"kHu_FTRgoBLSLeAJtyKY": "profile-editImage-editImageButtonContainer",
	"Ws8Ec3GREpT5PAUesr9b": "profile-editImage-imageContainer",
	"zHeo4VUxytwm6Ptr0QyA": "profile-userEditDetails-closeButton",
	"XwNfIrI6_hCa_9_T2cQB": "profile-userEditDetails-container",
	"so0bdX3oZH6YW5_nGxIR": "profile-userEditDetails-content",
	"zGbjZMZ1DTx4futEbN9l": "profile-userEditDetails-disclaimer",
	"aM3plU4zzDqjWlvUHGYb": "profile-userEditDetails-header",
	"F8_EX1AeKxXNSeh1qiHq": "profile-userEditDetails-image",
	"wvLAEV5wF5C5ej6rvimT": "profile-userEditDetails-label",
	"gAQfzAUp1FuSXODeZJfP": "profile-userEditDetails-labelText",
	"uj7hczcCH1dZpse8Kfmi": "profile-userEditDetails-name",
	"oN9QVvJKEtdTH3HGfCu1": "profile-userEditDetails-nameInput",
	"MDb7QhAtHeyM4gKj8j8t": "profile-userEditDetails-saveButton",
	"umiKMm5NVr5UeBJCHS6U": "profile-userOverview-container",
	"wDIZ2yYKjfGI68I4cZ98": "profile-userOverview-header",
	"rMpf7sfaPDcj387_52fA": "profile-userOverview-imageContainer",
	"jzhwZKbfx4vrC_MYd_7c": "profile-userOverview-section",
	"MWWPQQjbjRfoGdPD8D68": "profile-userOverview-subPage",
	"uJxNEI2k7x8UCDdMKELt": "profile-userOverview-title",
	"kWCnF32FrVtGHmTy8QeV": "profile-userOverview-topTrackSubPage",
	"TywOcKZEqNynWecCiATc": "progress-bar",
	"Vis45PPawTyED7Lt2_LI": "progress-bar__slider",
	"DuvrswZugGajIFNXObAr": "progress-bar--isDragging",
	"gTvMl6pwfRD9PobMSB5x": "queue-queuePage-emptyContainer",
	"hNAQG0TAe2WFYyf_iZEB": "queue-queuePage-emptyContainerTitle",
	"Zhzrb2k9nQRActS2lp4U": "queue-queuePage-findSomething",
	"DG9CsoFIptJhAneKoo_F": "queue-queuePage-header",
	"H3Puuvc2nV0GoZRrfpRS": "queue-queuePage-nextFrom",
	"HckHyQocDDePWQL2baOY": "queue-queuePage-nextInQueue",
	"rHpv7osDRvs3SUPMpQ_g": "queue-queuePage-queuePage",
	"jf2HafzDEI9jn7Yo05eM": "queue-queuePage-subHeader",
	"oaNVBli46GtVjaQKB15g": "queue-tabBar-active",
	"FvDsfgxSvLvL3q8d7nQv": "queue-tabBar-chevron",
	"Nts_ArOCGeROTDZND3M6": "queue-tabBar-header",
	"muYk5XIwKmqR9iNibk_f": "queue-tabBar-headerIsCentered",
	"OEFWODerafYHGp09iLlA": "queue-tabBar-headerItem",
	"JdlKTdpMquftpMwwegZo": "queue-tabBar-headerItemLink",
	"m20ShRDiGGDpJ5LSABTi": "queue-tabBar-moreButton",
	"Hvv0e7WKQ4kyftgSQJhg": "queue-tabBar-moreButtonActive",
	"vhW0kRN8JJD5UwW4TdXi": "queue-tabBar-nav",
	"nRSfonXHVr6utXYgk2Ui": "Root__globalNav",
	"wp7mZFPzV7Qmo51F0NA_": "Root__globalNav",
	"jEMA2gVoLgPQqAFrPhFw": "Root__main-view",
	"mMjg1Gizg9kYk8ILoTdp": "Root__main-view-overlay",
	"BdcvqBAid96FaHAmPYw_": "Root__nav-bar",
	"JG5J9NWJkaUO9fiKECMA": "Root__now-playing-bar",
	"OTfMDdomT5S7B5dbYTT8": "Root__right-sidebar",
	"PHgyArRLVFknlaOm31ID": "Root__top-bar",
	"ZQftYELq0aOsg6tPbVbV": "Root__top-container",
	"H1bRFdpa3qfekTVTeDwC": "Root__top-container--has-notice-bar",
	"WIPpgUp9J37Dwd0ZJnv0": "Root__top-container--right-sidebar-hidden",
	"lPapCDz3v_LipgXwe8gi": "Root__top-container--right-sidebar-hidden",
	"EBaPq6VUr6kjeHD9Wf2s": "Root__top-container--transition-enter",
	"nxyZPOEjDd5ToiXtSgdA": "Root__top-container--transition-exit",
	"v8nEufWSPrv1ql9ZdMko": "search-modal-emptySearchTermContainer",
	"sFFh5DkVxeEcgBGFOvUE": "search-modal-emptyStateContainer",
	"AnelgzgI75Dckf_LHUiK": "search-modal-entityImage",
	"aIWRvSjvEN4rTMCIi4vG": "search-modal-hasResults",
	"kn5N6aKpq6ebWinhrPPK": "search-modal-hidden",
	"v2oO4ItuH_0zk3OFj5dh": "search-modal-input",
	"QWeCmvys_7VINTbfUmGB": "search-modal-input",
	"SUOB9gChfkiToLTPl9Bc": "search-modal-listbox",
	"kQ22nY00NOOrZjfmRP5J": "search-modal-inputContainer",
	"sKrYQkHlFOyAc0bM142q": "search-modal-isSelected",
	"EieXgtfUJKc4XQugVglV": "search-modal-key",
	"NU8xwWC0RWBRh_PBJdJe": "search-modal-keyboard-accessibility-bar",
	"DoibN62ZFcOCvZ0f6xK5": "search-modal-modalAfterOpen",
	"_ZcO2wuO5d8P3TbjEukA": "search-modal-modalBase",
	"s75RW4QQV6LZ_NCdFtag": "search-modal-modalBeforeClose",
	"_p8ywioveAdTZ8yZmPfr": "search-modal-modalWrapper",
	"kUkjSLUuPyag37OAbVPH": "search-modal-resultItem",
	"ssvI7dCe2ZiLKChmS8tG": "search-modal-resultItem",
	"zi377dMLSwXnFiejYnRa": "search-modal-searchBar",
	"TQb3mB9R6qGsxvPnCurA": "search-modal-searchBar",
	"HN_3fmk5t15DGlzDbx1_": "search-modal-searchIcon",
	"NG1F0VTHk73cEJ8TNfOn": "search-modal-searchIcon",
	"wIyyGaSPOHR78wksX3Us": "search-modal-searchModalInstructions",
	"I9yJ0MC3kmodVJJlA6iq": "search-modal-searchResultRow",
	"tz3aYeI1uG6kMzJOPWr6": "search-modal-searchResultTitle",
	"TAHnl8KATdqiQLuz2TLv": "search-modal-searchResultType",
	"xol36rXFgZ_biOcw6Czk": "search-recentSearches-narrowPage",
	"khkfPsJuVBQyL_5cLT7y": "search-recentSearches-searchPageGrid",
	"a7lvtXATo3HALtrsOHtO": "search-recentSearches-seeAll",
	"rvvoAdb7aaUPYRasW7sK": "search-searchBrowse-browseAllContainer",
	"UdXTcsz1eiiInKThkfYp": "search-searchBrowse-browseAllWrapper",
	"M7LKuAFiIKaigK0fVguF": "search-searchBrowse-browseAllWrapper",
	"CCi1L2OQvgdZvxkRHeKE": "search-searchBrowse-SearchBrowse",
	"ijZQH9pePkbB2MbJHCJV": "search-searchCategory-carousel",
	"XTk61Y8OkBdUT6Wj4F6i": "search-searchCategory-carouselButton",
	"VfDGbMWaJe9rcefizTNk": "search-searchCategory-carouselButtonVisible",
	"Nd2dSpwo9xYae8YuQIkb": "search-searchCategory-carouselButtonVisible",
	"ZWI7JsjzJaR_G8Hy4W6J": "search-searchCategory-categoryGridItem",
	"UnwG2v9ISmcUhnjKj22Y": "search-searchCategory-categoryGridItem",
	"KjPUGV8uMbl_0bvk9ePv": "search-searchCategory-categoryGrid",
	"e179_Eg8r7Ub6yjjxctr": "search-searchCategory-container",
	"XAwhJzXeTM5Iv2jLMCEj": "search-searchCategory-container",
	"bMurPtRDRv5LuN78MTVG": "search-searchCategory-contentArea",
	"fVB_YDdnaDlztX7CcWTA": "search-searchCategory-SearchCategory",
	"qG4q41T8PJl0SkVgUeJc": "search-searchCategory-SearchCategory",
	"VIeVCUUETJyYPCDpsBif": "search-searchCategory-wrapper",
	"IDNDdMa6ACThrEsGWsXX": "search-searchCategory-wrapper",
	"nGARy02O1AklvHT7OBLA": "search-searchResult-searchResultGrid",
	"iGyMsGo7FgYQQThBj2y9": "search-searchResult-topResult",
	"eITFAR9yPwhjL_2gxB09": "search-searchResult-topResultCard",
	"Lj3brgOJmjcq6MQ22XKq": "search-searchResult-tracklist",
	"QVIrLvegL13F9cEdMqfT": "search-searchResult-tracklistContainer",
	"rP1oFnzzvss0GV6VPgGG": "search-searchResult-tracklistHeader",
	"PW9eULMYYH14XQgoJ0ui": "search-searchResult-tracklistHeaderText",
	"XQakH0M0GDc6g6JKeyds": "search-searchResult-tracklistHeaderWrapper",
	"rjgEnbv42_EUDbaiZnA2": "search-searchResult-tracklistLong",
	"EbZrO5qZMclA_AaI3NV8": "search-searchResult-tracklistShort",
	"DbMYFmOEEz9PH1h1zK9n": "show-episodeBlock-actions",
	"LbePDApGej12_NyRphHu": "show-episodeBlock-description",
	"upo8sAflD1byxWObSkgn": "show-episodeBlock-descriptionContainer",
	"hTRqaN61SDG95erQGMmx": "show-episodeBlock-episodeBlock",
	"V0pEigrddg3VxP_sTdAJ": "show-episodeBlock-header",
	"ij5_Bi2LfqgWwHzQBXJS": "show-episodeBlock-imageContainer",
	"y9kEPjDek0J80YRf8JJw": "show-episodeBlock-metadata",
	"o_TP9z7A8LQvMXujJC7N": "show-episodeBlock-showImage",
	"bG5fSAAS6rRL8xxU5iyG": "show-episodeBlock-title",
	"HLixBI5DbVZNC6lrUbAB": "show-episodeBlock-titleContainer",
	"g5gZaZVzR0tGT4pK6iEU": "show-episodeBlock-titleLink",
	"jtfSxoRam9rzTtdXIjzc": "show-show-episodesFilter",
	"ghfuv80I8uW_ymG_jfx9": "show-show-episodesFilter",
	"kR0M2WSYVUj4cohADSFM": "show-show-episodesHeader",
	"OodUnm1iCEZTUeL6X1gj": "show-show-moreButton",
	"aQMtxnKeiJqZ9XCcDuZ7": "show-showPage-sectionWrapper",
	"g3f_cI5usQX7ZOQyDtA9": "view-homeShortcutsGrid-draggable",
	"vpQWUBWS_lXRLZMRJT7w": "view-homeShortcutsGrid-episodeExtraContent",
	"GSv7K805J9Jw7LB9tn2A": "view-homeShortcutsGrid-episodeProgressBar",
	"jxXIarsEHgz2HoaVCVzA": "view-homeShortcutsGrid-equaliser",
	"nlOU1unbFAd7ZHyeSMTH": "view-homeShortcutsGrid-grid",
	"jdqzCrz9SoQp3ZUsU08w": "view-homeShortcutsGrid-gridOf4Columns",
	"ima0EKmsnCNUG08T82EM": "view-homeShortcutsGrid-iconDownloaded",
	"WWDxafTPs4AgThdcX5jN": "view-homeShortcutsGrid-image",
	"jvWzgRWM_y_9FFTYRCcB": "view-homeShortcutsGrid-imageContainer",
	"zXwER4Lsqq_e7fVVaPkZ": "view-homeShortcutsGrid-imageWrapper",
	"Tzzq1pG_inwo_oSOdyjb": "view-homeShortcutsGrid-main",
	"JFDEiqT_8B5zeG_CDSdK": "view-homeShortcutsGrid-name",
	"EzRmGRncgnv1zFgF4dqE": "view-homeShortcutsGrid-name",
	"TbrIq3NG2VYFoAUMSmp9": "view-homeShortcutsGrid-nameWrapper",
	"vq0lsCoYrDUDvkuUIaRg": "view-homeShortcutsGrid-playButton",
	"Kcb74zm1aMqGfPxTwO5s": "view-homeShortcutsGrid-PlayButtonContainer",
	"s9c9x_mJq197U2hBzGtV": "view-homeShortcutsGrid-PlayButtonContainerVisible",
	"DqAHiYCkcPCcDorezUKI": "view-homeShortcutsGrid-recentlyPlayedShortcutIcon",
	"Z35BWOA10YGn5uc9YgAp": "view-homeShortcutsGrid-shortcut",
	"jb9xD5ECTqKFK02qe3HZ": "view-homeShortcutsGrid-shortcutLink",
	"bPmmKmSPLKMhtJSaUJRX": "view-homeShortcutsGrid-shortcutNewEpisodeIndicator",
	"rPV8BmHZXaGIGT2HwvBB": "view-homeShortcutsGrid-shortcuts",
	"sLw5dxB32cAxVxqiar7J": "view-homeShortcutsGrid-title",
	"lt7UxuNqHQBCO6IWyA_G": "view-homeShortcutsGrid-trailingIndicator",
	"eEZSnYlv7__34b2yulfm": "volume-bar",
	"G4n5bTzWUvlftzDwrFVG": "volume-bar",
	"FZhaXNtbN3Crwrgd0TA7": "volume-bar__icon-button",
	"rT09bwCEwXECMbLbX_7A": "volume-bar__icon-button",
	"x1jWng8HDweDS840aiIA": "volume-bar__slider-container",
	"tIr7C6B0Pt6YKdOnqaqj": "volume-bar__slider-container",
	"fLS8v3_EfBadEerbGVoR": "x-album-releasesDropdown",
	"iqDYHLUedgX8y1eM1zep": "x-carousel-button",
	"ge8K7iQqLE77g0FDGfDn": "x-carousel-carousel",
	"Em2LrSSfvrgXQoajs6cm": "x-categoryCard-CategoryCard",
	"jXeqeqkxEBVeFjA2YydA": "x-categoryCard-CategoryCard",
	"tV9cjMpTPaykKsn2OVsw": "x-categoryCard-image",
	"Op2n2H4o1iY0Xo2wAUH9": "x-categoryCard-image",
	"i2yp6pOoZpYZLd5QWguN": "x-categoryCard-title",
	"bQthUEx0_U98DJkT1saO": "x-categoryCard-title",
	"jMg2yhvAA3YfgM1Ix5GL": "x-contributorButton-button",
	"X1lXSiVj0pzhQCUo_72A": "x-contributorButton-ContributorButton",
	"HbKLiGoYM4dpuK8L4TMX": "x-downloadButton-button",
	"VmwiDoU6RpqyzK_n7XRO": "x-downloadButton-cancelDownload",
	"l_MW0G9qeeCKlVJwBykT": "x-downloadButton-cancelDownloadButton",
	"BKsbV2Xl786X9a09XROH": "x-downloadButton-DownloadButton",
	"rEx3EYgBzS8SoY7dmC6x": "x-downloadButton-progress",
	"_APVWqivXc4YqgsnpFkP": "x-downloadButton-removeDownload",
	"OadpZJiOaGfX6Qp4j6n5": "x-entityImage-circle",
	"AeEoI6ueagbJtaHl2cRd": "x-entityImage-defaultSize",
	"iJp40IxKg6emF6KYJ414": "x-entityImage-image",
	"vreceNX3ABcxyddeS83B": "x-entityImage-imageContainer",
	"Ozitxbqs1vcOukDz3GDw": "x-entityImage-imagePlaceholder",
	"SBpny8HrUTBzSjk7Vtk1": "x-entityImage-large",
	"H71KtIrytVayf_dFofu7": "x-entityImage-medium",
	"O5_0cReFdHe81E0xFAD1": "x-entityImage-small",
	"CxurIfvXVb_TqGF4q8Yf": "x-entityImage-square",
	"g3kBhX1E4EYEC2NFhhxG": "x-entityImage-xsmall",
	"EsqEJ_NPrHsPkTbX4FW8": "x-filterBox-clearButton",
	"wCl7pMTEE68v1xuZeZiB": "x-filterBox-expandButton",
	"t6HIrX67Lp80Nj6tGauz": "x-filterBox-expandedOrHasFilter",
	"KAydWoHSkQRqhQ1vkVwK": "x-filterBox-expandRight",
	"QZhV0hWVKlExlKr266jo": "x-filterBox-filterInput",
	"JzZyf6OGCGtdscOZGt8Y": "x-filterBox-filterInputContainer",
	"iiNt4l0UwY2wL42vyBc2": "x-filterBox-fullWidth",
	"uAJxc_psYWeimY8N9bH9": "x-filterBox-overlay",
	"CIVozJ8XNPJ60uMN23Yg": "x-filterBox-searchIcon",
	"_bjbHn5TABOW2s5LsEGX": "x-filterBox-searchIconContainer",
	"epWhU7hHGktzlO_dop6z": "x-progressBar-fillColor",
	"NoOAOv6U6vtqj_ybS1Cd": "x-progressBar-progressBarBg",
	"w699O0LgQRghXyl3bs9u": "x-progressBar-sliderArea",
	"AavUTirpKSAHapguSAy0": "x-proxySettings-fullWidth",
	"qfjicQPaTTPrLWJWRxMQ": "x-proxySettings-horizontalPair",
	"acVhMt5pELcXQyLaaPuV": "x-proxySettings-ProxySettings",
	"fOEOTcOAgPryvbYRYfOo": "x-searchHistoryEntries-clearSingleSearchHistory",
	"xmJl0s8mcJ3bfhtnoaP1": "x-searchHistoryEntries-clearSingleSearchHistoryButton",
	"ADri2r8kq8LVqSsNNvIr": "x-searchHistoryEntries-searchHistoryEntry",
	"ZtY42R4YSo_W7VMeAg9m": "x-searchInput-searchInputClearButton",
	"mOLTJ2mxkzHJj6Y9_na_": "x-searchInput-searchInputClearIcon",
	"t2K4_iLmAyDtH7mcT5Wy": "x-searchInput-searchInputIconContainer",
	"lJ81QkQ1Aw5AK50afb9c": "x-searchInput-searchInputIconContainer",
	"QO9loc33XC50mMRUCIvf": "x-searchInput-searchInputInput",
	"NtkAQg9R1r5CjuP0XHwl": "x-searchInput-searchInputInput",
	"XD3TMuMHmKsfbqieC6q_": "x-searchInput-searchInputOnSearch",
	"H6jh9Xd7DNOq3NsLDmCB": "x-searchInput-searchInputSearchIcon",
	"aCQCOVyiFROs_qr_DvQ4": "x-searchInput-searchInputSearchIcon",
	"rFFJg1UIumqUUFDgo6n7": "x-settings-button",
	"LOsH9AUZc2uFRlhqtpRT": "x-settings-container",
	"xbm3VfL2kntDlxtyDKwj": "x-settings-crossFadeContainer",
	"gv7Rcc2ouDRSd0pto7Df": "x-settings-equalizerPanelCanvas",
	"zrn877LGjVA_oYp2IKeu": "x-settings-equalizerPanelFilter",
	"aOnWJeLmOj8plFB5QPSt": "x-settings-equalizerPanelFilters",
	"L9sAZBDUVTnJLn7TqR1E": "x-settings-equalizerPanelGainLabel",
	"aPIPHZU8F7TMi6LEw_Yq": "x-settings-equalizerPanelGainLabelDown",
	"YKGOZh1y8HVOqQgbJB9F": "x-settings-equalizerPanelGainLabelUp",
	"KGnDzV9IPjGQ8Ude8Cgl": "x-settings-equalizerPanelInput",
	"NWmefh0djDBBQmHr_mdf": "x-settings-equalizerPanelLabel",
	"PumO62RLWafcexCJx0oe": "x-settings-equalizerPanelPreset",
	"HGN6qJ4noxOV2YSJWj3g": "x-settings-equalizerPanelWrapper",
	"j7cPtD65ArW8eWnGNrUo": "x-settings-equalizerPresetsContainer",
	"ZzNb8P1Bz1VHtlhimIWM": "x-settings-equalizerPresetsLabel",
	"PiFWoUIRceOm8SHTCakS": "x-settings-equalizerResetButtonWrapper",
	"xK6HEWejcSHKyWfhNiJc": "x-settings-equalizerSection",
	"FulR95cAh4QPdw6wUeRw": "x-settings-equalizerWrapper",
	"GMGmbx5FRBd6DOVvzSgk": "x-settings-firstColumn",
	"g2SG95QPZfbn5RINccth": "x-settings-firstColumn",
	"NnDXf1J9xlVM5AUuqVt1": "x-settings-header",
	"DQ9fp5DjBJxKHeHqtFwC": "x-settings-headerContainer",
	"V4Bh2Ch7KvYUdn2s9ZdX": "x-settings-hidden",
	"SkbGMKYv49KtJNB5XxdX": "x-settings-input",
	"gvcgOXnAiNKEe_z92_lw": "x-settings-restartAppButton",
	"weV_qxFz4gF5sPotO10y": "x-settings-row",
	"BMtRRwqaJD_95vJFMFD0": "x-settings-row",
	"yNitN64xoLNhzJlkfzOh": "x-settings-secondColumn",
	"rtzkwMH3kqwgnS_BxP_t": "x-settings-secondColumn",
	"c6TyNYOUJRIsjYZJZofy": "x-settings-section",
	"k6GFKyOKVR5Ruofj3aTQ": "x-settings-section",
	"GuwMf98GUBSpCDgf8KRA": "x-settings-tooltip",
	"nW1RKQOkzcJcX6aDCZB4": "x-settings-tooltipIcon",
	"qBZYab2T7Yc4O5Nh0mjA": "x-settings-tooltipIconWrapper",
	"l35q2le3C8eAxw1TKELD": "x-settings-wordBreakAll",
	"w6j_vX6SF5IxSXrrkYw5": "x-sortBox-sortDropdown",
	"es9mguuOfkp6pBe1Bjlw": "x-toggle-indicator",
	"Js64TOfWtHksI6TQ6knT": "x-toggle-indicatorWrapper",
	"n8tsDTs8wDH73kejYfXs": "x-toggle-input",
	"JWYoNAyrIIdW30u4PSGE": "x-toggle-wrapper"
}
